node	geo_state
NODE_0001	AUS
NODE_0001	BEL
NODE_0001	CHN
NODE_0001	FRA
NODE_0001	JPN
NODE_0001	Unknown_other
NODE_0953	Europe_other
NODE_0952	AUS
NODE_0952	BEL
NODE_0952	CHN
NODE_0952	FRA
NODE_0952	JPN
NODE_0952	Unknown_other
NODE_0988	Europe_other
USA__SAMN03996251	Unknown_other
NODE_0941	AUS
NODE_0941	BEL
NODE_0941	CHN
NODE_0941	Europe_other
NODE_0941	FRA
NODE_0941	JPN
NODE_0941	Unknown_other
NODE_0954	AUS
NODE_0954	Asia_other
NODE_0954	BEL
NODE_0954	Europe_other
NODE_0954	JPN
NODE_0954	Unknown_other
DEU__SAMN22091640	Europe_other
IRN__SAMN12675072	Asia_other
NODE_0940	Europe_other
NODE_0942	AUS
NODE_0942	BEL
NODE_0942	CHN
NODE_0942	Europe_other
NODE_0942	FRA
NODE_0942	JPN
NODE_0942	Unknown_other
NODE_0955	Europe_other
NODE_0957	AUS
NODE_0957	Asia_other
NODE_0957	BEL
NODE_0957	Europe_other
NODE_0957	JPN
NODE_0957	Unknown_other
NODE_0004	Europe_other
NODE_0958	Asia_other
NODE_0958	Europe_other
NODE_0958	Unknown_other
NODE_0943	AUS
NODE_0943	BEL
NODE_0943	CHN
NODE_0943	FRA
NODE_0943	JPN
NODE_0943	Unknown_other
NODE_0951	Africa_other
NODE_0951	Europe_other
NODE_0956	Europe_other
USA__SAMN45987640	Unknown_other
IND__SAMN19416303	Asia_other
USA__SAMN03877216	Unknown_other
NODE_0003	Europe_other
NODE_0005	Europe_other
NODE_0959	Asia_other
NODE_0959	Europe_other
NODE_0959	Unknown_other
NODE_0985	Unknown_other
NODE_0944	CHN
NODE_0945	JPN
KEN__SAMEA1931748	Africa_other
NLD__SAMEA751360	Europe_other
DNK__SAMEA3923585	Europe_other
DNK__SAMEA3923584	Europe_other
NODE_0002	AUS
NODE_0002	Europe_other
NODE_0987	Europe_other
NODE_0006	Europe_other
NODE_0765	Europe_other
NODE_0960	Asia_other
NODE_0960	Europe_other
NODE_0960	Unknown_other
AUT__SAMN15702625	Europe_other
NODE_0986	Asia_other
USA__SAMN05333716	Unknown_other
CHN__SAMN03249373	CHN
CHN__SAMN22851881	CHN
NODE_0946	JPN
IND__SAMN19416302	Asia_other
AUS__SAMEA751508	AUS
AUS__SAMEA751511	AUS
NOR__SAMEA10057937	Europe_other
POL__SAMEA1931348	Europe_other
AUS__SAMEA751513	AUS
NODE_0007	Europe_other
NODE_0766	Europe_other
JPN__SAMEA41226418	JPN
NODE_0961	JPN
NODE_0984	Asia_other
IRN__SAMN12675069	Asia_other
IRN__SAMN12675070	Asia_other
NODE_0947	JPN
NODE_0950	Unknown_other
NODE_0008	Europe_other
NODE_0764	Europe_other
NODE_0767	Europe_other
NODE_0794	CHN
NODE_0962	JPN
JPN__SAMEA751448	JPN
IND__SAMN10525643	Asia_other
IND__SAMN19416301	Asia_other
JPN__SAMN04875532	JPN
NODE_0948	JPN
USA__SAMN16357507	Unknown_other
USA__SAMN16357510	Unknown_other
NODE_0009	Europe_other
NODE_0762	Europe_other
ESP__SAMEA8914418	Europe_other
ESP__SAMN16378404	Europe_other
NODE_0768	Europe_other
NODE_0791	AUS
NODE_0791	BEL
NODE_0795	CHN
NODE_0910	CHN
NODE_0963	JPN
USA__SAMN04994865	Unknown_other
NODE_0949	JPN
JPN__SAMN09862822	JPN
NODE_0010	Europe_other
NODE_0013	Europe_other
NODE_0763	Europe_other
AUS__SAMEA751475	AUS
NODE_0769	Europe_other
NODE_0781	AUS
NODE_0781	Europe_other
NODE_0792	AUS
NODE_0792	BEL
FRA__SAMEA115874213	FRA
NODE_0796	CHN
NODE_0904	CHN
NODE_0911	CHN
CHN__SAMN11295233	CHN
NODE_0964	JPN
JPN__SAMEA41216668	JPN
JPN__SAMN03249374	JPN
JPN__SAMEA751489	JPN
NODE_0011	Europe_other
SWE__SAMEA751314	Europe_other
NODE_0014	Europe_other
NODE_0759	Europe_other
AUS__SAMEA751183	AUS
ESP__SAMN16378546	Europe_other
NODE_0770	Europe_other
CHN__SAMN09947460	CHN
NODE_0782	AUS
AUS__SAMN45810611	AUS
NODE_0793	AUS
NODE_0793	BEL
IND__SAMN10457989	Asia_other
NODE_0797	CHN
NODE_0868	CHN
NODE_0905	CHN
CHN__SAMN07329781	CHN
NODE_0912	CHN
CHN__SAMN09947492	CHN
NODE_0965	JPN
NODE_0966	JPN
AUS__SAMEA751512	AUS
NODE_0012	Europe_other
NODE_0015	Europe_other
NODE_0016	Europe_other
NODE_0760	Europe_other
NOR__SAMEA10057881	Europe_other
NODE_0771	Europe_other
NODE_0779	Europe_other
NODE_0783	AUS
NODE_0790	FRA
AUS__SAMN18200431	AUS
BEL__SAMEA117989221	BEL
NODE_0798	CHN
NODE_0861	CHN
NODE_0869	CHN
NODE_0896	CHN
NODE_0906	CHN
NODE_0909	CHN
NODE_0913	CHN
NODE_0939	CHN
JPN__SAMEA41263168	JPN
JPN__SAMEA41187418	JPN
JPN__SAMEA41296918	JPN
NODE_0967	JPN
DNK__SAMEA751162	Europe_other
USA__SAMEA751257	Unknown_other
AUS__SAMEA751337	AUS
AUS__SAMEA751155	AUS
NODE_0017	Europe_other
NODE_0019	Europe_other
NODE_0761	Europe_other
ISR__SAMN05908237	Asia_other
NODE_0772	Europe_other
USA__SAMN11822192	Unknown_other
NODE_0780	Europe_other
NOR__SAMEA8914592	Europe_other
NODE_0784	AUS
NODE_0789	AUS
FRA__SAMEA115874222	FRA
FRA__SAMEA115874243	FRA
NODE_0799	CHN
NODE_0851	CHN
NODE_0862	CHN
CHN__SAMN41373952	CHN
NODE_0870	CHN
NODE_0892	CHN
NODE_0897	CHN
NODE_0903	CHN
CHN__SAMN09947473	CHN
NODE_0907	CHN
CHN__SAMN41373942	CHN
CHN__SAMN41373967	CHN
NODE_0914	CHN
CHN__SAMN07329769	CHN
CHN__SAMN07329787	CHN
CHN__SAMN39682878	CHN
NODE_0968	JPN
NODE_0981	JPN
NODE_0018	Europe_other
ITA__SAMEA751497	Europe_other
NODE_0020	Europe_other
NOR__SAMEA10057882	Europe_other
AUS__SAMEA751477	AUS
ESP__SAMN16378550	Europe_other
NODE_0773	Europe_other
NODE_0776	BEL
IRN__SAMN12675075	Asia_other
NOR__SAMEA10057952	Europe_other
NODE_0785	AUS
NODE_0787	JPN
AUS__SAMN45810582	AUS
BEL__SAMEA117989599	BEL
NODE_0800	CHN
CHN__SAMN41373925	CHN
CHN__SAMN09947486	CHN
NODE_0852	CHN
NODE_0863	CHN
CHN__SAMN41373963	CHN
NODE_0871	CHN
NODE_0891	CHN
NODE_0893	CHN
CHN__SAMN41373947	CHN
NODE_0898	CHN
CHN__SAMN41373945	CHN
CHN__SAMN41373936	CHN
CHN__SAMN41373951	CHN
NODE_0908	CHN
CHN__SAMN50151976	CHN
NODE_0915	CHN
CHN__SAMN50151938	CHN
NODE_0969	JPN
JPN__SAMEA41292418	JPN
NODE_0982	JPN
JPN__SAMEA41205418	JPN
AUS__SAMEA751476	AUS
ITA__SAMEA8914539	Europe_other
NODE_0021	Europe_other
NODE_0757	Europe_other
NODE_0774	Europe_other
NOR__SAMEA8914588	Europe_other
NODE_0777	BEL
BEL__SAMEA117989584	BEL
NODE_0786	AUS
AUS__SAMN45811371	AUS
NODE_0788	JPN
FRA__SAMEA117615786	FRA
NODE_0801	CHN
CHN__SAMN50151948	CHN
NODE_0853	CHN
NODE_0859	CHN
NODE_0864	CHN
CHN__SAMN50151953	CHN
NODE_0872	CHN
NODE_0890	CHN
CHN__SAMN41373944	CHN
CHN__SAMN41373970	CHN
NODE_0894	CHN
NODE_0895	CHN
NODE_0899	CHN
CHN__SAMN41373954	CHN
CHN__SAMN50151974	CHN
CHN__SAMN50151975	CHN
NODE_0916	CHN
NODE_0929	CHN
NODE_0970	JPN
NODE_0971	JPN
NODE_0983	JPN
JPN__SAMEA41283418	JPN
NODE_0022	Europe_other
NODE_0753	Europe_other
NODE_0758	JPN
ESP__SAMN16378544	Europe_other
NODE_0775	Europe_other
USA__SAMN11821785	Unknown_other
BEL__SAMEA117989541	BEL
NODE_0778	BEL
AUS__SAMN45810556	AUS
FRA__SAMEA115874216	FRA
FRA__SAMEA115874226	FRA
JPN__SAMD01593372	JPN
NODE_0802	CHN
NODE_0849	CHN
NODE_0854	CHN
CHN__SAMN50151982	CHN
NODE_0860	CHN
CHN__SAMN41373922	CHN
NODE_0865	CHN
CHN__SAMN41373937	CHN
NODE_0873	CHN
NODE_0888	CHN
CHN__SAMN41373972	CHN
CHN__SAMN41373974	CHN
CHN__SAMN41373915	CHN
CHN__SAMN41373965	CHN
CHN__SAMN41373938	CHN
CHN__SAMN41373961	CHN
NODE_0900	CHN
NODE_0902	CHN
NODE_0917	CHN
NODE_0924	CHN
NODE_0930	CHN
CHN__SAMN50151935	CHN
JPN__SAMEA41211418	JPN
JPN__SAMEA41247418	JPN
NODE_0972	JPN
JPN__SAMEA41197168	JPN
JPN__SAMEA41286418	JPN
JPN__SAMEA41218168	JPN
NODE_0023	Europe_other
JPN__SAMEA41194168	JPN
NODE_0754	JPN
NOR__SAMEA10057869	Europe_other
JPN__SAMEA41241418	JPN
JPN__SAMEA41249668	JPN
AUS__SAMN08443715	AUS
SWE__SAMEA8914621	Europe_other
BEL__SAMEA117989546	BEL
BEL__SAMEA117989550	BEL
NODE_0803	CHN
CHN__SAMN50151941	CHN
NODE_0850	CHN
CHN__SAMN50151979	CHN
NODE_0855	CHN
NODE_0857	CHN
CHN__SAMN41373917	CHN
CHN__SAMN41373931	CHN
CHN__SAMN33268690	CHN
NODE_0866	CHN
NODE_0874	CHN
NODE_0876	CHN
CHN__SAMN41373914	CHN
NODE_0889	CHN
NODE_0901	CHN
CHN__SAMN41373950	CHN
CHN__SAMN41373939	CHN
CHN__SAMN41373943	CHN
NODE_0918	CHN
NODE_0923	CHN
NODE_0925	CHN
NODE_0928	CHN
NODE_0931	CHN
CHN__SAMN41373956	CHN
NODE_0973	JPN
JPN__SAMEA41186668	JPN
NODE_0024	Europe_other
ITA__SAMN03784877	Europe_other
NODE_0755	JPN
NODE_0756	JPN
NODE_0804	CHN
NODE_0848	CHN
CHN__SAMN39682971	CHN
CHN__SAMN50151980	CHN
NODE_0856	CHN
CHN__SAMN50151978	CHN
NODE_0858	CHN
CHN__SAMN41373957	CHN
NODE_0867	CHN
CHN__SAMN41373919	CHN
CHN__SAMN07326325	CHN
NODE_0875	CHN
NODE_0877	CHN
CHN__SAMN50151952	CHN
CHN__SAMN41373930	CHN
CHN__SAMN41373969	CHN
CHN__SAMN41373934	CHN
CHN__SAMN41373955	CHN
NODE_0919	CHN
CHN__SAMN50151972	CHN
CHN__SAMN09947493	CHN
CHN__SAMN41373966	CHN
CHN__SAMN07329782	CHN
NODE_0926	CHN
CHN__SAMN41373960	CHN
CHN__SAMN41373962	CHN
NODE_0932	CHN
CHN__SAMN41373929	CHN
NODE_0974	JPN
JPN__SAMEA41224918	JPN
NODE_0025	Europe_other
NOR__SAMEA10057903	Europe_other
JPN__SAMEA41188918	JPN
JPN__SAMD00570793	JPN
JPN__SAMEA41200168	JPN
JPN__SAMEA41275918	JPN
NODE_0805	CHN
NODE_0845	CHN
CHN__SAMN41373916	CHN
CHN__SAMN41373964	CHN
CHN__SAMN07329783	CHN
CHN__SAMN50151971	CHN
CHN__SAMN07329789	CHN
CHN__SAMN07329790	CHN
CHN__SAMN41373918	CHN
CHN__SAMN41373933	CHN
CHN__SAMN50151981	CHN
CHN__SAMN50151983	CHN
NODE_0878	CHN
NODE_0880	CHN
NODE_0920	CHN
NODE_0922	CHN
NODE_0927	CHN
CHN__SAMN50151942	CHN
NODE_0933	CHN
NODE_0938	CHN
NODE_0975	JPN
JPN__SAMEA41307418	JPN
NODE_0026	Europe_other
NODE_0752	JPN
NODE_0806	CHN
NODE_0842	CHN
NODE_0846	CHN
CHN__SAMN45156022	CHN
CHN__SAMN50151949	CHN
NODE_0879	CHN
NODE_0881	CHN
CHN__SAMN41373971	CHN
NODE_0921	CHN
CHN__SAMN07329779	CHN
CHN__SAMN42391092	CHN
CHN__SAMN42391110	CHN
CHN__SAMN39682877	CHN
CHN__SAMN50151936	CHN
NODE_0934	CHN
CHN__SAMN50151946	CHN
CHN__SAMN32033992	CHN
CHN__SAMN50151959	CHN
NODE_0976	JPN
NODE_0980	JPN
NODE_0027	Europe_other
NODE_0751	Europe_other
JPN__SAMEA41214418	JPN
JPN__SAMEA41278168	JPN
NODE_0807	CHN
NODE_0841	CHN
CHN__SAMN50151939	CHN
NODE_0843	CHN
NODE_0847	CHN
CHN__SAMN41373928	CHN
CHN__SAMN41373927	CHN
CHN__SAMN41373932	CHN
NODE_0882	CHN
CHN__SAMN41373973	CHN
CHN__SAMN09947467	CHN
CHN__SAMN45156014	CHN
NODE_0935	CHN
CHN__SAMN39683486	CHN
NODE_0977	JPN
JPN__SAMEA751127	JPN
JPN__SAMEA41297668	JPN
JPN__SAMD00549631	JPN
NODE_0028	Europe_other
NODE_0164	Europe_other
JPN__SAMEA41242918	JPN
USA__SAMN05583850	Unknown_other
NODE_0808	CHN
CHN__SAMN50151968	CHN
CHN__SAMN41373959	CHN
JPN__SAMD00549575	JPN
CHN__SAMN22233918	CHN
NODE_0844	CHN
CHN__SAMN32033981	CHN
CHN__SAMN50151945	CHN
NODE_0883	CHN
CHN__SAMN41373968	CHN
NODE_0936	CHN
NODE_0937	CHN
JPN__SAMEA41218918	JPN
NODE_0978	Unknown_other
NODE_0029	Europe_other
FRA__SAMEA115874248	FRA
NODE_0165	Europe_other
SWE__SAMEA751294	Europe_other
NODE_0809	CHN
NODE_0840	CHN
CHN__SAMN39683154	CHN
JPN__SAMD00328237	JPN
NODE_0884	CHN
CHN__SAMN41373935	CHN
CHN__SAMN17613197	CHN
CHN__SAMN17613198	CHN
CHN__SAMN32033974	CHN
CHN__SAMN50151937	CHN
NODE_0979	Unknown_other
USA__SAMN03455354	Unknown_other
NODE_0030	Europe_other
SWE__SAMN03566783	Europe_other
NODE_0166	Europe_other
BRA__SAMN05782317	Unknown_other
NODE_0810	CHN
CHN__SAMN09941175	CHN
CHN__SAMN22233915	CHN
CHN__SAMN22233923	CHN
NODE_0885	CHN
NODE_0887	CHN
USA__SAMN08136975	Unknown_other
USA__SAMN03249362	Unknown_other
NODE_0031	Europe_other
NODE_0163	Europe_other
NODE_0167	Europe_other
JPN__SAMEA41227918	JPN
NODE_0811	CHN
CHN__SAMN41373975	CHN
NODE_0886	CHN
CHN__SAMN41373941	CHN
CHN__SAMN41373940	CHN
CHN__SAMN41373946	CHN
NODE_0032	Europe_other
NODE_0160	Europe_other
FRA__SAMEA751372	FRA
DNK__SAMEA751164	Europe_other
NODE_0168	Europe_other
NODE_0749	JPN
NODE_0812	CHN
CHN__SAMN50151954	CHN
CHN__SAMN41373921	CHN
CHN__SAMN41373924	CHN
NODE_0033	Europe_other
NLD__SAMN03566781	Europe_other
NODE_0161	Europe_other
NOR__SAMEA10057895	Europe_other
NODE_0169	Europe_other
NODE_0748	Unknown_other
NODE_0750	JPN
JPN__SAMEA41257168	JPN
NODE_0813	CHN
CHN__SAMN41373948	CHN
NODE_0034	Europe_other
NODE_0159	Unknown_other
FRA__SAMN03491903	FRA
NODE_0162	Asia_other
NODE_0170	Europe_other
IRN__SAMN12675074	Asia_other
USA__SAMN03996260	Unknown_other
USA__SAMN05583818	Unknown_other
JPN__SAMD00328188	JPN
JPN__SAMD00328195	JPN
NODE_0814	CHN
NODE_0815	CHN
NODE_0035	Europe_other
FRA__SAMN03491902	FRA
USA__SAMN03702646	Unknown_other
USA__SAMN03702647	Unknown_other
IRN__SAMN12675034	Asia_other
IRN__SAMN12675035	Asia_other
NODE_0171	Europe_other
NODE_0747	Europe_other
CHN__SAMN09947464	CHN
CHN__SAMN09947475	CHN
NODE_0816	CHN
NODE_0819	CHN
NODE_0036	Europe_other
NODE_0157	Europe_other
NODE_0172	Europe_other
NLD__SAMEA8914566	Europe_other
BEL__SAMEA117989205	BEL
ITA__SAMEA8914541	Europe_other
NODE_0817	CHN
CHN__SAMN42391102	CHN
NODE_0820	CHN
CHN__SAMN42391105	CHN
NODE_0037	Europe_other
USA__SAMN18620696	Unknown_other
AUS__SAMN22858020	AUS
NODE_0158	Europe_other
NODE_0158	FRA
NODE_0173	Europe_other
USA__SAMN10176206	Unknown_other
CHN__SAMN42391088	CHN
NODE_0818	CHN
NODE_0821	CHN
CHN__SAMN42391108	CHN
NODE_0038	Europe_other
NODE_0149	Unknown_other
FRA__SAMN03366100	FRA
MEX__SAMN07362433	Unknown_other
NODE_0174	Europe_other
ESP__SAMN16378558	Europe_other
CHN__SAMN42391093	CHN
CHN__SAMN42391113	CHN
NODE_0822	CHN
CHN__SAMN42391091	CHN
NODE_0039	Europe_other
NODE_0147	BEL
NODE_0147	Europe_other
NODE_0147	JPN
NODE_0150	Unknown_other
NODE_0156	Asia_other
NODE_0156	Unknown_other
NODE_0175	Europe_other
NODE_0742	AUS
NODE_0742	Europe_other
NODE_0742	Unknown_other
NODE_0823	CHN
NODE_0839	CHN
NODE_0040	Europe_other
NOR__SAMEA10057987	Europe_other
NODE_0148	BEL
JPN__SAMEA41264668	JPN
NODE_0151	AUS
NODE_0154	Unknown_other
ISR__SAMN05908227	Asia_other
MEX__SAMN07362432	Unknown_other
NODE_0176	Europe_other
NODE_0740	Europe_other
AUS__SAMN08443734	AUS
NODE_0743	Unknown_other
NODE_0824	CHN
CHN__SAMN42391107	CHN
CHN__SAMN42391101	CHN
CHN__SAMN42391106	CHN
NODE_0041	Europe_other
ESP__SAMN16378551	Europe_other
BEL__SAMEA117989514	BEL
BEL__SAMEA117989524	BEL
AUS__SAMN22858161	AUS
NODE_0152	AUS
BRA__SAMN05784484	Unknown_other
NODE_0155	Unknown_other
NODE_0177	Europe_other
NODE_0738	AUS
NODE_0738	Europe_other
NOR__SAMEA10057975	Europe_other
NODE_0741	Europe_other
NODE_0744	Unknown_other
CAN__SAMN06113472	Unknown_other
NODE_0825	CHN
NODE_0836	CHN
NODE_0042	Europe_other
NODE_0046	Europe_other
AUS__SAMN22858166	AUS
NODE_0153	AUS
BRA__SAMN02940632	Unknown_other
BRA__SAMN05783037	Unknown_other
NODE_0178	Europe_other
FRA__SAMEA115874240	FRA
NODE_0739	AUS
AUS__SAMN22857945	AUS
NOR__SAMN03566786	Europe_other
USA__SAMN07352218	Unknown_other
NODE_0745	Unknown_other
USA__SAMN18620802	Unknown_other
NODE_0826	CHN
CHN__SAMN42391095	CHN
NODE_0837	CHN
CHN__SAMN42391100	CHN
NODE_0043	Europe_other
ARG__SAMEA751134	Unknown_other
NODE_0047	Europe_other
NODE_0143	Europe_other
AUS__SAMN22858150	AUS
AUS__SAMN45810521	AUS
NODE_0179	Europe_other
NODE_0737	AUS
NODE_0737	CHN
NODE_0737	Europe_other
AUS__SAMN22858044	AUS
AUS__SAMN22858066	AUS
NODE_0746	AUS
NODE_0746	Unknown_other
USA__SAMN14488305	Unknown_other
NODE_0827	CHN
CHN__SAMN42391112	CHN
CHN__SAMN42391090	CHN
NODE_0838	CHN
AUS__SAMN18200432	AUS
NODE_0044	Europe_other
NODE_0048	Europe_other
NODE_0133	Europe_other
JPN__SAMEA41239918	JPN
NODE_0144	Europe_other
NODE_0180	Europe_other
ESP__SAMN16378393	Europe_other
CHN__SAMN50151960	CHN
AUS__SAMN45810526	AUS
BEL__SAMEA117989523	BEL
AUS__SAMN45810506	AUS
NODE_0828	CHN
CHN__SAMN42391111	CHN
CHN__SAMN42391094	CHN
CHN__SAMN42391127	CHN
ESP__SAMN16378352	Europe_other
NODE_0045	Europe_other
NODE_0049	Europe_other
NODE_0130	Europe_other
NODE_0134	Europe_other
FIN__SAMEA751152	Europe_other
NODE_0145	Asia_other
NODE_0146	Europe_other
NODE_0181	Europe_other
NODE_0736	Africa_other
NODE_0829	CHN
NODE_0830	CHN
ITA__SAMEA8914521	Europe_other
SWE__SAMEA8914628	Europe_other
NODE_0050	Europe_other
NOR__SAMEA10057955	Europe_other
NODE_0131	Europe_other
USA__SAMN18620695	Unknown_other
NODE_0135	Europe_other
NODE_0142	Unknown_other
IRN__SAMN12675064	Asia_other
IRN__SAMN12675071	Asia_other
SWE__SAMEA8914623	Europe_other
SWE__SAMEA8914625	Europe_other
NODE_0182	Europe_other
BEL__SAMEA117989203	BEL
TUN__SAMEA4752844	Africa_other
TUN__SAMEA4752846	Africa_other
CHN__SAMN42391089	CHN
CHN__SAMN42391114	CHN
NODE_0831	CHN
CHN__SAMN42391123	CHN
NODE_0051	Europe_other
JPN__SAMD01797761	JPN
NODE_0132	Europe_other
NLD__SAMN03566780	Europe_other
NODE_0136	Europe_other
NODE_0141	Europe_other
HTI__SAMN08524449	Unknown_other
USA__SAMN16357509	Unknown_other
NODE_0183	Europe_other
NLD__SAMN03566785	Europe_other
CHN__SAMN42391096	CHN
NODE_0832	CHN
NODE_0052	Europe_other
NOR__SAMEA10058036	Europe_other
ESP__SAMN16378549	Europe_other
ESP__SAMN16378322	Europe_other
NODE_0137	Europe_other
NODE_0137	Unknown_other
BRA__SAMN05776224	Unknown_other
NOR__SAMEA10057896	Europe_other
NOR__SAMEA10057914	Europe_other
NODE_0184	Europe_other
NODE_0679	Europe_other
NODE_0833	CHN
CHN__SAMN42391125	CHN
NODE_0053	Europe_other
IRL__SAMEA8914488	Europe_other
NODE_0138	Europe_other
NODE_0138	JPN
NODE_0138	Unknown_other
USA__SAMN04221183	Unknown_other
NODE_0185	Europe_other
NODE_0607	Europe_other
NODE_0680	Europe_other
NODE_0684	Europe_other
CHN__SAMN42391098	CHN
NODE_0834	CHN
NODE_0054	Europe_other
BEL__SAMEA117989516	BEL
NODE_0139	Europe_other
NODE_0139	JPN
NODE_0139	Unknown_other
JPN__SAMEA41240668	JPN
NODE_0186	Europe_other
NODE_0320	Europe_other
NODE_0608	Europe_other
IRL__SAMEA8914485	Europe_other
NODE_0681	AUS
NODE_0682	Europe_other
NODE_0685	Europe_other
AUS__SAMN45810525	AUS
NODE_0835	CHN
CHN__SAMN42391117	CHN
NODE_0055	Europe_other
AUT__SAMN15396117	Europe_other
JPN__SAMEA41231668	JPN
NODE_0140	Asia_other
NODE_0140	Unknown_other
NODE_0187	Europe_other
CHN__SAMN32034035	CHN
NODE_0321	Europe_other
NODE_0606	Europe_other
NODE_0609	Europe_other
DNK__SAMEA8914404	Europe_other
AUS__SAMN22858181	AUS
AUS__SAMN08443771	AUS
NODE_0683	AUS
SWE__SAMN03566784	Europe_other
NODE_0686	Europe_other
NODE_0734	Asia_other
CHN__SAMN42391099	CHN
CHN__SAMN42391120	CHN
NODE_0056	Europe_other
TUN__SAMEA4752850	Africa_other
ISR__SAMN05908236	Asia_other
USA__SAMN08178168	Unknown_other
NODE_0188	Europe_other
NODE_0318	CHN
NODE_0322	Europe_other
NODE_0597	Europe_other
FIN__SAMEA8914470	Europe_other
FIN__SAMEA8914471	Europe_other
NODE_0610	Europe_other
CHN__SAMN50151957	CHN
AUS__SAMN07235949	AUS
AUS__SAMN08443767	AUS
NODE_0687	Europe_other
NODE_0733	Europe_other
NODE_0735	Asia_other
ISR__SAMN05908238	Asia_other
NODE_0057	Europe_other
AUT__SAMN15396214	Europe_other
NODE_0189	Europe_other
USA__SAMN06007763	Unknown_other
NODE_0319	CHN
CHN__SAMN33268689	CHN
NODE_0323	Europe_other
NODE_0594	Europe_other
BEL__SAMEA117989226	BEL
NODE_0598	Europe_other
NODE_0611	Europe_other
NOR__SAMEA8914580	Europe_other
NODE_0688	JPN
NODE_0720	Europe_other
JPN__SAMD00872997	JPN
ISR__SAMN05908234	Asia_other
ISR__SAMN05908228	Asia_other
ISR__SAMN05908230	Asia_other
NODE_0058	Europe_other
NODE_0127	Europe_other
NODE_0190	Europe_other
BEL__SAMEA117989511	BEL
AUS__SAMN22858115	AUS
CHN__SAMN50151970	CHN
NODE_0324	Europe_other
NODE_0585	Europe_other
BEL__SAMEA117989513	BEL
NODE_0595	Europe_other
NODE_0599	Europe_other
DNK__SAMEA8914410	Europe_other
NODE_0612	BEL
FRA__SAMEA115874218	FRA
NODE_0689	JPN
CHN__SAMN09947459	CHN
NODE_0721	Europe_other
AUT__SAMN15396107	Europe_other
NODE_0059	Europe_other
NODE_0126	BEL
NODE_0128	AUS
NODE_0128	BEL
NODE_0128	Europe_other
NODE_0128	FRA
BEL__SAMEA117989519	BEL
AUS__SAMN22857989	AUS
NODE_0191	Europe_other
NODE_0325	CHN
BEL__SAMEA117989259	BEL
NODE_0586	Europe_other
NOR__SAMEA10057988	Europe_other
AUT__SAMN15396105	Europe_other
NODE_0596	Europe_other
NODE_0600	Europe_other
NOR__SAMEA10058016	Europe_other
NODE_0613	BEL
FRA__SAMEA115874215	FRA
NODE_0690	JPN
CHN__SAMN39683174	CHN
NODE_0722	BEL
NODE_0724	Europe_other
NODE_0060	Europe_other
NLD__SAMEA8914568	Europe_other
BEL__SAMEA117989436	BEL
BEL__SAMEA117989512	BEL
AUS__SAMN45810610	AUS
NODE_0129	AUS
NODE_0129	BEL
NODE_0129	Europe_other
NODE_0129	FRA
NODE_0192	Europe_other
DNK__SAMEA8914405	Europe_other
NODE_0326	CHN
NODE_0582	CHN
NODE_0587	Europe_other
NODE_0593	Europe_other
AUT__SAMN15396109	Europe_other
AUT__SAMN15396112	Europe_other
NODE_0601	FRA
NODE_0604	Europe_other
NODE_0614	BEL
BEL__SAMEA117989544	BEL
NODE_0691	JPN
JPN__SAMD00570813	JPN
NODE_0723	BEL
BEL__SAMEA117989467	BEL
NODE_0725	Europe_other
AUT__SAMN15396157	Europe_other
NODE_0061	Europe_other
NODE_0119	BEL
NODE_0119	Europe_other
BEL__SAMEA117989547	BEL
FRA__SAMEA115874225	FRA
NODE_0193	Europe_other
AUT__SAMN15396159	Europe_other
NODE_0327	CHN
NODE_0580	CHN
CHN__SAMN33268552	CHN
NODE_0583	CHN
NODE_0588	Europe_other
NODE_0591	BEL
NODE_0591	FRA
AUT__SAMN15396194	Europe_other
NOR__SAMEA10058023	Europe_other
NODE_0602	FRA
FRA__SAMEA115874199	FRA
NODE_0605	Europe_other
NOR__SAMEA10057989	Europe_other
NODE_0615	BEL
FRA__SAMEA115874198	FRA
NODE_0692	JPN
JPN__SAMD00549621	JPN
BEL__SAMEA117989252	BEL
BEL__SAMEA117989272	BEL
NODE_0726	Europe_other
NODE_0731	Europe_other
NODE_0062	Europe_other
NODE_0117	Europe_other
NODE_0120	BEL
NODE_0123	BEL
NODE_0194	Europe_other
BEL__SAMEA117989211	BEL
NODE_0328	CHN
JPN__SAMD00892039	JPN
NODE_0581	CHN
CHN__SAMN45156013	CHN
NODE_0584	CHN
CHN__SAMN50151964	CHN
NODE_0589	Europe_other
NODE_0590	Unknown_other
NODE_0592	BEL
FRA__SAMEA115874223	FRA
BEL__SAMEA117989573	BEL
NODE_0603	FRA
IRL__SAMEA8914503	Europe_other
IRL__SAMEA8914514	Europe_other
NODE_0616	BEL
BEL__SAMEA117989536	BEL
NODE_0693	JPN
NODE_0716	JPN
BEL__SAMEA117989520	BEL
NODE_0727	Europe_other
NODE_0732	Europe_other
IRL__SAMEA8914497	Europe_other
NODE_0063	Europe_other
NODE_0073	Europe_other
NODE_0118	Europe_other
NODE_0118	FRA
FIN__SAMEA8914474	Europe_other
NODE_0121	AUS
BEL__SAMEA117989309	BEL
NODE_0124	BEL
FRA__SAMEA115874237	FRA
NODE_0195	Europe_other
NODE_0317	Europe_other
NODE_0329	CHN
NODE_0578	CHN
CHN__SAMN07329785	CHN
CHN__SAMN50151958	CHN
CHN__SAMN32033997	CHN
CHN__SAMN50151965	CHN
BEL__SAMEA117989308	BEL
DNK__SAMEA8914402	Europe_other
USA__SAMN11539704	Unknown_other
USA__SAMN12392429	Unknown_other
BEL__SAMEA117989545	BEL
BEL__SAMEA117989613	BEL
FRA__SAMEA115874197	FRA
FRA__SAMEA115874217	FRA
NODE_0617	BEL
BEL__SAMEA117989567	BEL
NODE_0694	AUS
NODE_0702	Unknown_other
NODE_0717	JPN
IND__SAMN19416304	Asia_other
NODE_0728	Europe_other
NODE_0729	Europe_other
FIN__SAMEA8914472	Europe_other
FIN__SAMEA8914475	Europe_other
NODE_0064	Europe_other
NLD__SAMEA8914547	Europe_other
NODE_0074	Europe_other
NODE_0115	Europe_other
AUS__SAMN45810503	AUS
FRA__SAMEA115874194	FRA
NODE_0122	AUS
AUS__SAMN45810606	AUS
BEL__SAMEA117989588	BEL
NODE_0125	BEL
NODE_0196	Europe_other
BEL__SAMEA117989590	BEL
CHN__SAMN39683176	CHN
NOR__SAMEA10057995	Europe_other
NODE_0330	CHN
NODE_0577	CHN
NODE_0579	CHN
CHN__SAMN50151977	CHN
NODE_0618	BEL
BEL__SAMEA117989530	BEL
NODE_0695	AUS
NODE_0701	AUS
NODE_0703	Unknown_other
CAN__SAMN06113467	Unknown_other
CHN__SAMN07329777	CHN
NODE_0718	JPN
AUT__SAMN15396122	Europe_other
ESP__SAMN16378592	Europe_other
SWE__SAMEA8914632	Europe_other
NODE_0730	Europe_other
NODE_0065	Europe_other
USA__SAMN18620823	Unknown_other
NODE_0075	Europe_other
NLD__SAMEA8914562	Europe_other
BEL__SAMEA117989479	BEL
NODE_0116	FRA
AUS__SAMN45810562	AUS
AUS__SAMN45810640	AUS
BEL__SAMEA117989592	BEL
BEL__SAMEA117989608	BEL
NODE_0197	Europe_other
NLD__SAMEA8914556	Europe_other
NODE_0331	CHN
NODE_0576	CHN
CHN__SAMN50151962	CHN
CHN__SAMN50151963	CHN
CHN__SAMN50151955	CHN
CHN__SAMN50151956	CHN
NODE_0619	BEL
BEL__SAMEA117989612	BEL
NODE_0696	AUS
AUS__SAMN08443778	AUS
AUS__SAMN08443772	AUS
AUS__SAMN08443780	AUS
NODE_0704	Unknown_other
USA__SAMN18620777	Unknown_other
NODE_0719	JPN
JPN__SAMD00549636	JPN
SWE__SAMEA8914609	Europe_other
SWE__SAMEA8914626	Europe_other
NODE_0066	Europe_other
BEL__SAMEA117989515	BEL
NODE_0076	Europe_other
IRL__SAMEA8914501	Europe_other
FRA__SAMEA115874189	FRA
FRA__SAMEA115874235	FRA
NODE_0198	Europe_other
CHN__SAMN07329793	CHN
NODE_0332	CHN
CHN__SAMN43024020	CHN
CHN__SAMN45156018	CHN
CHN__SAMN45156063	CHN
NODE_0620	BEL
BEL__SAMEA117989582	BEL
NODE_0697	AUS
AUS__SAMN08443742	AUS
NODE_0705	Unknown_other
USA__SAMN45987657	Unknown_other
JPN__SAMD00328201	JPN
JPN__SAMEA41323168	JPN
NODE_0067	Europe_other
USA__SAMN10298220	Unknown_other
NODE_0077	Europe_other
NODE_0105	Europe_other
NODE_0199	Europe_other
NODE_0316	FRA
NODE_0333	CHN
CHN__SAMN43024027	CHN
NODE_0621	BEL
BEL__SAMEA117989601	BEL
AUS__SAMN08443709	AUS
NODE_0698	AUS
NODE_0706	Unknown_other
USA__SAMN05950790	Unknown_other
NODE_0068	Europe_other
DEU__SAMN43964887	Europe_other
NODE_0078	Europe_other
IRL__SAMEA8914479	Europe_other
NODE_0106	Europe_other
NODE_0114	Europe_other
NODE_0200	Europe_other
BEL__SAMEA117989208	BEL
FRA__SAMEA4700352	FRA
FRA__SAMN09862835	FRA
NODE_0334	CHN
CHN__SAMN42391139	CHN
BEL__SAMEA117989525	BEL
NODE_0622	BEL
NODE_0699	AUS
AUS__SAMN45810574	AUS
NODE_0707	Unknown_other
NOR__SAMEA10058021	Europe_other
NODE_0069	Europe_other
BEL__SAMEA117989214	BEL
NODE_0079	Europe_other
FRA__SAMEA115874211	FRA
NODE_0107	Europe_other
NODE_0110	Europe_other
DNK__SAMEA8914415	Europe_other
NOR__SAMEA10058007	Europe_other
NODE_0201	Europe_other
NODE_0315	Europe_other
NODE_0335	CHN
NODE_0575	CHN
NODE_0623	BEL
BEL__SAMEA117989595	BEL
NODE_0700	AUS
AUS__SAMN45810527	AUS
NODE_0708	Unknown_other
BEL__SAMEA117989434	BEL
NODE_0070	Europe_other
ESP__SAMN16378366	Europe_other
NODE_0080	Europe_other
AUT__SAMN15396108	Europe_other
BEL__SAMEA117989610	BEL
NODE_0108	Europe_other
NODE_0111	Europe_other
FIN__SAMEA8914464	Europe_other
NODE_0202	AUS
NODE_0209	Europe_other
FIN__SAMEA8914452	Europe_other
FIN__SAMEA8914454	Europe_other
NODE_0336	CHN
CHN__SAMN50151990	CHN
CHN__SAMN42391130	CHN
CHN__SAMN43024017	CHN
NODE_0624	BEL
BEL__SAMEA117989596	BEL
AUS__SAMN45810572	AUS
AUS__SAMN45810573	AUS
NODE_0709	Unknown_other
NODE_0715	Unknown_other
NODE_0071	Europe_other
NODE_0072	BEL
NODE_0072	Europe_other
NODE_0072	FRA
NODE_0081	Europe_other
USA__SAMN18620816	Unknown_other
NODE_0109	JPN
SWE__SAMEA8914617	Europe_other
NODE_0112	CHN
NODE_0112	Europe_other
FIN__SAMEA8914453	Europe_other
NODE_0203	AUS
AUS__SAMN45810524	AUS
NODE_0210	Europe_other
FRA__SAMEA115874242	FRA
NODE_0337	CHN
CHN__SAMN42391133	CHN
NODE_0625	BEL
BEL__SAMEA117989568	BEL
NODE_0710	Unknown_other
FIN__SAMEA8914458	Europe_other
USA__SAMN05948796	Unknown_other
USA__SAMN48440030	Unknown_other
AUS__SAMN18200430	AUS
ESP__SAMN16378565	Europe_other
BEL__SAMEA117989579	BEL
FRA__SAMEA115874214	FRA
NODE_0082	Europe_other
NOR__SAMEA8914583	Europe_other
JPN__SAMD00920274	JPN
JPN__SAMD00920281	JPN
CHN__SAMN22233924	CHN
NODE_0113	CHN
NODE_0113	Europe_other
NODE_0204	AUS
AUS__SAMN45810528	AUS
NODE_0211	Europe_other
NLD__SAMN03566787	Europe_other
NODE_0338	CHN
JPN__SAMD01797762	JPN
NODE_0626	BEL
BEL__SAMEA117989581	BEL
NODE_0711	Unknown_other
USA__SAMN14488313	Unknown_other
NODE_0083	Europe_other
BEL__SAMEA117989518	BEL
USA__SAMN45987655	Unknown_other
AUS__SAMN45810550	AUS
NODE_0205	AUS
NODE_0207	AUS
NODE_0212	Europe_other
AUT__SAMN29408379	Europe_other
NODE_0339	CHN
NODE_0574	CHN
NODE_0627	BEL
FRA__SAMEA117615785	FRA
NODE_0712	Unknown_other
NODE_0713	Europe_other
NODE_0713	Unknown_other
NODE_0084	Europe_other
NODE_0104	Europe_other
NODE_0206	AUS
AUS__SAMN45810575	AUS
NODE_0208	AUS
AUS__SAMN45810547	AUS
NODE_0213	Europe_other
NODE_0304	Europe_other
NODE_0340	CHN
CHN__SAMN50152013	CHN
CHN__SAMN42391115	CHN
CHN__SAMN44583946	CHN
NODE_0628	BEL
BEL__SAMEA117989572	BEL
BEL__SAMEA117989209	BEL
USA__SAMN18620814	Unknown_other
NOR__SAMEA8914585	Europe_other
NODE_0714	Europe_other
NODE_0714	Unknown_other
NODE_0085	Europe_other
NODE_0103	Europe_other
ITA__SAMEA8914518	Europe_other
TUN__SAMEA4752845	Africa_other
AUS__SAMN08443746	AUS
AUS__SAMN45810539	AUS
AUS__SAMN45810571	AUS
AUS__SAMN45810522	AUS
NODE_0214	CHN
NODE_0241	Europe_other
NODE_0305	Europe_other
ITA__SAMEA8914531	Europe_other
NODE_0341	CHN
CHN__SAMN44584026	CHN
NODE_0629	BEL
BEL__SAMEA117989565	BEL
NOR__SAMEA10058004	Europe_other
USA__SAMN10182728	Unknown_other
NODE_0086	AUS
NODE_0086	Europe_other
NODE_0086	Unknown_other
NODE_0102	BEL
ESP__SAMEA8914438	Europe_other
ESP__SAMN16378420	Europe_other
NODE_0215	CHN
CHN__SAMN50151969	CHN
NODE_0242	Europe_other
NODE_0303	Europe_other
NODE_0306	Europe_other
BEL__SAMEA117989522	BEL
NODE_0342	CHN
NODE_0572	CHN
NODE_0630	BEL
BEL__SAMEA117989548	BEL
NODE_0087	AUS
USA__SAMN11539680	Unknown_other
BEL__SAMEA117989353	BEL
BEL__SAMEA117989425	BEL
NODE_0216	CHN
CHN__SAMN50151934	CHN
NODE_0243	Unknown_other
NODE_0266	Europe_other
AUT__SAMN15396110	Europe_other
NOR__SAMEA8914600	Europe_other
NODE_0307	Europe_other
ESP__SAMN16378570	Europe_other
NODE_0343	CHN
NODE_0571	CHN
NODE_0573	CHN
CHN__SAMN44584033	CHN
NODE_0631	BEL
BEL__SAMEA117989574	BEL
NODE_0088	AUS
AUS__SAMN45810501	AUS
NODE_0217	CHN
CHN__SAMN39683296	CHN
NODE_0244	Unknown_other
USA__SAMN45987639	Unknown_other
NODE_0267	Europe_other
NODE_0302	CHN
NODE_0308	Europe_other
NODE_0312	Europe_other
NODE_0344	CHN
NODE_0557	CHN
CHN__SAMN44583835	CHN
CHN__SAMN50152057	CHN
CHN__SAMN50151995	CHN
CHN__SAMN45156019	CHN
NODE_0632	BEL
FRA__SAMEA115874208	FRA
NODE_0089	AUS
AUS__SAMN45810643	AUS
NODE_0218	CHN
CHN__SAMN41373923	CHN
NODE_0245	Unknown_other
GTM__SAMN08395632	Unknown_other
NODE_0268	Europe_other
IRL__SAMEA8914484	Europe_other
CHN__SAMN50151950	CHN
CHN__SAMN50151951	CHN
NODE_0309	AUS
ESP__SAMN16378425	Europe_other
NODE_0313	Europe_other
ESP__SAMN16378598	Europe_other
NODE_0345	CHN
NODE_0554	CHN
NODE_0558	CHN
CHN__SAMN45156030	CHN
NODE_0633	BEL
BEL__SAMEA117989586	BEL
NODE_0090	AUS
AUS__SAMN45810630	AUS
NODE_0219	CHN
CHN__SAMN50151947	CHN
NODE_0246	Unknown_other
NODE_0265	CHN
NODE_0269	Europe_other
NODE_0269	FRA
NODE_0300	Europe_other
NODE_0310	AUS
AUS__SAMN45810529	AUS
BEL__SAMEA117989286	BEL
NODE_0314	BEL
NODE_0346	CHN
CHN__SAMN50152031	CHN
NODE_0555	CHN
NODE_0556	CHN
NODE_0559	CHN
CHN__SAMN43024023	CHN
NODE_0634	BEL
BEL__SAMEA117989564	BEL
NODE_0091	AUS
AUS__SAMN45810557	AUS
NODE_0220	CHN
CHN__SAMN50151967	CHN
AUS__SAMN45810513	AUS
NODE_0247	Unknown_other
CHN__SAMN41373949	CHN
CHN__SAMN45156025	CHN
NODE_0270	FRA
NODE_0298	FRA
NODE_0301	Europe_other
SWE__SAMEA8914634	Europe_other
NODE_0311	AUS
AUS__SAMN45810505	AUS
BEL__SAMEA117989517	BEL
BEL__SAMEA117989521	BEL
NODE_0347	CHN
NODE_0539	CHN
CHN__SAMN44583886	CHN
CHN__SAMN44584094	CHN
CHN__SAMN44590219	CHN
CHN__SAMN44590233	CHN
NODE_0560	CHN
FRA__SAMEA117615784	FRA
NODE_0635	BEL
BEL__SAMEA117989542	BEL
NODE_0092	AUS
AUS__SAMN45810638	AUS
NODE_0221	CHN
NODE_0240	CHN
NODE_0248	Unknown_other
MEX__SAMN07362435	Unknown_other
NODE_0271	FRA
FRA__SAMEA115874200	FRA
FRA__SAMEA115874229	FRA
NODE_0299	FRA
IRL__SAMEA8914500	Europe_other
ITA__SAMEA8914529	Europe_other
AUS__SAMN45810549	AUS
AUS__SAMN45810523	AUS
NODE_0348	CHN
NODE_0404	CHN
NODE_0540	CHN
CHN__SAMN44583871	CHN
NODE_0561	CHN
CHN__SAMN42391149	CHN
NODE_0636	BEL
BEL__SAMEA117989555	BEL
NODE_0093	AUS
NODE_0098	AUS
NODE_0222	CHN
CHN__SAMN41373953	CHN
CHN__SAMN50151961	CHN
CHN__SAMN45156016	CHN
NODE_0249	Unknown_other
GTM__SAMN08395634	Unknown_other
NODE_0272	FRA
FRA__SAMEA115874196	FRA
FRA__SAMEA117615782	FRA
FRA__SAMN42490576	FRA
NODE_0349	CHN
CHN__SAMN45156066	CHN
NODE_0405	CHN
NODE_0526	CHN
NODE_0541	CHN
NODE_0552	CHN
NODE_0562	CHN
NODE_0570	CHN
NODE_0637	BEL
BEL__SAMEA117989539	BEL
NODE_0094	AUS
AUS__SAMN45810545	AUS
NODE_0099	AUS
AUS__SAMN45810558	AUS
NODE_0223	CHN
NODE_0239	CHN
NODE_0250	CHN
NODE_0263	Unknown_other
NODE_0273	FRA
FRA__SAMEA115874187	FRA
NODE_0350	CHN
CHN__SAMN44584040	CHN
NODE_0406	CHN
NODE_0472	CHN
CHN__SAMN42391124	CHN
NODE_0527	CHN
NODE_0542	CHN
CHN__SAMN44584067	CHN
CHN__SAMN39683447	CHN
NODE_0553	CHN
NODE_0563	CHN
NODE_0569	CHN
CHN__SAMN43024014	CHN
CHN__SAMN43024018	CHN
NODE_0638	BEL
BEL__SAMEA117989583	BEL
NODE_0095	AUS
AUS__SAMN45810634	AUS
AUS__SAMN45810543	AUS
NODE_0100	AUS
NODE_0224	CHN
NODE_0238	CHN
CHN__SAMN50151966	CHN
CHN__SAMN44583822	CHN
NODE_0251	CHN
CHN__SAMN50151973	CHN
MEX__SAMN07362434	Unknown_other
NODE_0264	Unknown_other
NODE_0274	FRA
BEL__SAMEA117989575	BEL
NODE_0351	CHN
CHN__SAMN44584039	CHN
NODE_0407	CHN
NODE_0417	CHN
NODE_0473	CHN
NODE_0498	CHN
CHN__SAMN42391144	CHN
NODE_0528	CHN
NODE_0543	CHN
NODE_0549	CHN
CHN__SAMN43024025	CHN
CHN__SAMN44590275	CHN
NODE_0564	CHN
CHN__SAMN44584022	CHN
CHN__SAMN42391145	CHN
CHN__SAMN42391150	CHN
NODE_0639	BEL
NODE_0668	BEL
NODE_0096	AUS
NODE_0097	AUS
NODE_0101	AUS
AUS__SAMN45810546	AUS
NODE_0225	CHN
CHN__SAMN50151940	CHN
CHN__SAMN50151943	CHN
AUS__SAMN45810507	AUS
NODE_0252	CHN
CHN__SAMN45156026	CHN
USA__SAMN45987611	Unknown_other
USA__SAMN45987613	Unknown_other
NODE_0275	FRA
BEL__SAMEA117989558	BEL
NODE_0352	CHN
CHN__SAMN44590312	CHN
NODE_0408	CHN
NODE_0415	CHN
NODE_0418	CHN
CHN__SAMN45156028	CHN
NODE_0474	CHN
CHN__SAMN42391140	CHN
CHN__SAMN50152069	CHN
NODE_0499	JPN
NODE_0529	CHN
USA__SAMN46491808	Unknown_other
NODE_0544	CHN
CHN__SAMN42391126	CHN
NODE_0550	CHN
CHN__SAMN50152047	CHN
NODE_0565	CHN
CHN__SAMN44583818	CHN
NODE_0640	BEL
BEL__SAMEA117989598	BEL
NODE_0669	BEL
BEL__SAMEA117989532	BEL
AUS__SAMN45810504	AUS
AUS__SAMN45810646	AUS
AUS__SAMN45810596	AUS
AUS__SAMN45810598	AUS
AUS__SAMN45811366	AUS
AUS__SAMN45810532	AUS
NODE_0226	CHN
CHN__SAMN42391109	CHN
NODE_0253	CHN
NODE_0256	CHN
NODE_0276	FRA
FRA__SAMEA115874245	FRA
NODE_0353	CHN
NODE_0403	CHN
NODE_0409	CHN
CHN__SAMN44584044	CHN
CHN__SAMN44583829	CHN
NODE_0416	CHN
NODE_0419	CHN
CHN__SAMN43024010	CHN
NODE_0475	CHN
JPN__SAMD00920280	JPN
NODE_0500	JPN
JPN__SAMD01697915	JPN
NODE_0530	CHN
CHN__SAMN45156034	CHN
NODE_0545	CHN
CHN__SAMN44583872	CHN
NODE_0551	CHN
CHN__SAMN50152046	CHN
NODE_0566	CHN
CHN__SAMN44590292	CHN
NODE_0641	BEL
BEL__SAMEA117989569	BEL
NODE_0670	BEL
FRA__SAMEA115874203	FRA
NODE_0227	AUS
CHN__SAMN39683227	CHN
NODE_0254	CHN
NODE_0255	CHN
CHN__SAMN41373920	CHN
NODE_0257	CHN
NODE_0277	FRA
FRA__SAMEA115874195	FRA
NODE_0354	CHN
NODE_0401	CHN
CHN__SAMN44583839	CHN
CHN__SAMN44590310	CHN
CHN__SAMN39683481	CHN
NODE_0410	CHN
CHN__SAMN43024034	CHN
CHN__SAMN45156057	CHN
NODE_0420	CHN
CHN__SAMN43024019	CHN
NODE_0476	CHN
JPN__SAMD00920276	JPN
NODE_0501	JPN
JPN__SAMD01697929	JPN
CHN__SAMN42391147	CHN
NODE_0531	CHN
CHN__SAMN33268551	CHN
NODE_0546	CHN
CHN__SAMN44583814	CHN
CHN__SAMN44583815	CHN
NODE_0567	CHN
CHN__SAMN43024011	CHN
NODE_0642	BEL
BEL__SAMEA117989593	BEL
NODE_0671	BEL
BEL__SAMEA117989543	BEL
NODE_0228	AUS
AUS__SAMN45810645	AUS
CHN__SAMN50151944	CHN
CHN__SAMN41373958	CHN
CHN__SAMN41373926	CHN
CHN__SAMN50152066	CHN
NODE_0258	CHN
CHN__SAMN45156015	CHN
NODE_0278	FRA
FRA__SAMEA115874220	FRA
NODE_0355	CHN
CHN__SAMN44583865	CHN
NODE_0402	CHN
CHN__SAMN44590209	CHN
NODE_0411	CHN
NODE_0413	CHN
NODE_0421	CHN
NODE_0471	CHN
NODE_0477	CHN
CHN__SAMN50151998	CHN
NODE_0502	JPN
NODE_0525	JPN
NODE_0532	CHN
NODE_0533	CHN
NODE_0547	CHN
CHN__SAMN50152056	CHN
NODE_0568	CHN
CHN__SAMN44590311	CHN
NODE_0643	BEL
BEL__SAMEA117989606	BEL
NODE_0672	BEL
BEL__SAMEA117989531	BEL
NODE_0229	AUS
NODE_0234	AUS
CHN__SAMN39683299	CHN
NODE_0259	FRA
NODE_0279	FRA
NODE_0296	FRA
NODE_0356	CHN
NODE_0392	CHN
CHN__SAMN44583845	CHN
CHN__SAMN44583846	CHN
CHN__SAMN44583859	CHN
NODE_0412	JPN
NODE_0414	CHN
CHN__SAMN44590291	CHN
NODE_0422	CHN
NODE_0470	CHN
CHN__SAMN43024016	CHN
CHN__SAMN43024021	CHN
NODE_0478	CHN
CHN__SAMN50152028	CHN
NODE_0503	JPN
JPN__SAMD01697913	JPN
JPN__SAMD01697911	JPN
JPN__SAMD01697920	JPN
CHN__SAMN44583826	CHN
CHN__SAMN50152054	CHN
NODE_0534	CHN
NODE_0538	CHN
CHN__SAMN42391148	CHN
NODE_0548	CHN
CHN__SAMN42391135	CHN
CHN__SAMN42391146	CHN
NODE_0644	BEL
BEL__SAMEA117989559	BEL
NODE_0673	BEL
BEL__SAMEA117989528	BEL
NODE_0230	AUS
AUS__SAMN45810627	AUS
NODE_0235	AUS
AUS__SAMN45810537	AUS
NODE_0260	FRA
FRA__SAMEA115874224	FRA
NODE_0280	FRA
BEL__SAMEA117989605	BEL
NODE_0297	FRA
FRA__SAMEA115874241	FRA
NODE_0357	CHN
FRA__SAMEA115874210	FRA
NODE_0393	CHN
CHN__SAMN44583830	CHN
JPN__SAMD01593370	JPN
JPN__SAMD01593373	JPN
CHN__SAMN44590214	CHN
CHN__SAMN44590314	CHN
NODE_0423	CHN
CHN__SAMN43024031	CHN
CHN__SAMN32034068	CHN
CHN__SAMN39683412	CHN
NODE_0479	CHN
CHN__SAMN45156020	CHN
NODE_0504	JPN
JPN__SAMD01697914	JPN
NODE_0535	CHN
CHN__SAMN45156031	CHN
CHN__SAMN44590294	CHN
CHN__SAMN50152059	CHN
CHN__SAMN44590295	CHN
CHN__SAMN45156054	CHN
NODE_0645	BEL
BEL__SAMEA117989561	BEL
NODE_0674	BEL
FRA__SAMEA115874193	FRA
NODE_0231	AUS
AUS__SAMN45810642	AUS
NODE_0236	AUS
AUS__SAMN45810633	AUS
NODE_0261	FRA
FRA__SAMEA115874207	FRA
NODE_0281	FRA
NODE_0282	FRA
FRA__SAMEA115874185	FRA
FRA__SAMEA117615783	FRA
NODE_0358	CHN
CHN__SAMN42391122	CHN
NODE_0394	CHN
NODE_0400	CHN
CHN__SAMN32034026	CHN
NODE_0424	CHN
NODE_0480	CHN
JPN__SAMD00920282	JPN
NODE_0505	JPN
JPN__SAMD01697916	JPN
NODE_0536	CHN
NODE_0537	JPN
NODE_0646	BEL
BEL__SAMEA117989571	BEL
NODE_0675	BEL
FRA__SAMEA115874206	FRA
AUS__SAMN45810538	AUS
NODE_0232	AUS
NODE_0237	AUS
AUS__SAMN45810536	AUS
NODE_0262	FRA
FRA__SAMEA115874219	FRA
AUS__SAMN45810580	AUS
FRA__SAMEA115874212	FRA
NODE_0283	FRA
BEL__SAMEA117989617	BEL
NODE_0359	CHN
CHN__SAMN44584075	CHN
NODE_0395	CHN
CHN__SAMN44590276	CHN
CHN__SAMN44583912	CHN
CHN__SAMN44583924	CHN
NODE_0425	CHN
CHN__SAMN44590283	CHN
NODE_0481	CHN
JPN__SAMD00920279	JPN
NODE_0506	JPN
JPN__SAMD01697912	JPN
CHN__SAMN45156027	CHN
CHN__SAMN44590282	CHN
JPN__SAMD01593371	JPN
JPN__SAMD01593375	JPN
NODE_0647	BEL
NODE_0667	BEL
NODE_0676	BEL
BEL__SAMEA117989553	BEL
AUS__SAMN45810594	AUS
NODE_0233	AUS
AUS__SAMN45810511	AUS
AUS__SAMN45810564	AUS
FRA__SAMEA115874186	FRA
FRA__SAMEA115874249	FRA
NODE_0284	FRA
BEL__SAMEA117989594	BEL
NODE_0360	CHN
JPN__SAMD01593376	JPN
NODE_0396	CHN
NODE_0399	CHN
CHN__SAMN50152005	CHN
NODE_0426	CHN
NODE_0482	CHN
CHN__SAMN32034055	CHN
NODE_0507	JPN
JPN__SAMD00892046	JPN
NODE_0648	BEL
BEL__SAMEA117989580	BEL
BEL__SAMEA117989534	BEL
BEL__SAMEA117989570	BEL
BEL__SAMEA117989527	BEL
NODE_0677	BEL
AUS__SAMN45811367	AUS
AUS__SAMN45811368	AUS
NODE_0285	FRA
FRA__SAMEA115874191	FRA
NODE_0361	CHN
CHN__SAMN44583927	CHN
NODE_0397	CHN
CHN__SAMN44583832	CHN
CHN__SAMN44583959	CHN
CHN__SAMN44583972	CHN
NODE_0427	CHN
NODE_0469	CHN
NODE_0483	CHN
JPN__SAMD01797764	JPN
NODE_0508	JPN
JPN__SAMD00892040	JPN
NODE_0649	BEL
BEL__SAMEA117989551	BEL
BEL__SAMEA117989557	BEL
NODE_0678	BEL
NODE_0286	FRA
NODE_0293	Europe_other
NODE_0293	JPN
NODE_0362	CHN
CHN__SAMN50152043	CHN
NODE_0398	CHN
CHN__SAMN44590252	CHN
NODE_0428	CHN
NODE_0465	CHN
CHN__SAMN50152040	CHN
CHN__SAMN50152052	CHN
NODE_0484	CHN
CHN__SAMN50152026	CHN
NODE_0509	JPN
NODE_0514	JPN
NODE_0650	BEL
FRA__SAMEA115874201	FRA
BEL__SAMEA117989589	BEL
FRA__SAMEA115874190	FRA
NODE_0287	BEL
NODE_0292	FRA
NODE_0294	JPN
NODE_0295	Europe_other
NODE_0363	CHN
CHN__SAMN44583825	CHN
CHN__SAMN44583827	CHN
CHN__SAMN44584068	CHN
NODE_0429	CHN
CHN__SAMN50152020	CHN
NODE_0466	CHN
NODE_0468	CHN
NODE_0485	CHN
JPN__SAMD00920273	JPN
NODE_0510	JPN
JPN__SAMD01697933	JPN
NODE_0515	JPN
JPN__SAMD01697909	JPN
NODE_0651	BEL
BEL__SAMEA117989585	BEL
BEL__SAMEA117989535	BEL
NODE_0288	BEL
FRA__SAMEA115874188	FRA
FRA__SAMEA115874228	FRA
JPN__SAMD00892038	JPN
JPN__SAMD01697919	JPN
ESP__SAMN40551704	Europe_other
ESP__SAMN40551705	Europe_other
NODE_0364	CHN
NODE_0391	CHN
NODE_0430	CHN
NODE_0463	CHN
CHN__SAMN44583821	CHN
NODE_0467	CHN
CHN__SAMN44583945	CHN
CHN__SAMN44584082	CHN
NODE_0486	CHN
CHN__SAMN50152007	CHN
NODE_0511	JPN
JPN__SAMD00892034	JPN
NODE_0516	JPN
JPN__SAMD01697925	JPN
NODE_0652	BEL
BEL__SAMEA117989529	BEL
NODE_0289	BEL
BEL__SAMEA117989549	BEL
NODE_0365	AUS
NODE_0367	CHN
CHN__SAMN44584073	CHN
CHN__SAMN44590224	CHN
NODE_0431	CHN
CHN__SAMN50152053	CHN
CHN__SAMN42391134	CHN
NODE_0464	CHN
CHN__SAMN44583833	CHN
CHN__SAMN44583834	CHN
NODE_0487	CHN
JPN__SAMD00920272	JPN
JPN__SAMD00885979	JPN
NODE_0512	JPN
NODE_0517	JPN
NODE_0524	JPN
NODE_0653	BEL
BEL__SAMEA117989587	BEL
NODE_0290	BEL
BEL__SAMEA117989556	BEL
AUS__SAMN44480251	AUS
NODE_0366	AUS
CHN__SAMN50152004	CHN
NODE_0368	CHN
NODE_0432	CHN
NODE_0462	CHN
CHN__SAMN44583828	CHN
CHN__SAMN44590238	CHN
NODE_0488	CHN
JPN__SAMD00920271	JPN
JPN__SAMD00892050	JPN
NODE_0513	JPN
NODE_0518	JPN
JPN__SAMD01697903	JPN
JPN__SAMD01697907	JPN
JPN__SAMD01697934	JPN
NODE_0654	BEL
BEL__SAMEA117989611	BEL
NODE_0291	BEL
BEL__SAMEA117989576	BEL
AUS__SAMN44480252	AUS
AUS__SAMN45810584	AUS
NODE_0369	CHN
JPN__SAMD01593374	JPN
NODE_0433	CHN
NODE_0461	CHN
CHN__SAMN44584005	CHN
CHN__SAMN44590265	CHN
NODE_0489	CHN
JPN__SAMD00920275	JPN
JPN__SAMD00892053	JPN
JPN__SAMD01697899	JPN
JPN__SAMD00892035	JPN
NODE_0519	JPN
NODE_0655	BEL
BEL__SAMEA117989597	BEL
BEL__SAMEA117989540	BEL
BEL__SAMEA117989578	BEL
NODE_0370	CHN
NODE_0389	CHN
NODE_0434	CHN
NODE_0460	CHN
CHN__SAMN44584104	CHN
CHN__SAMN44590242	CHN
NODE_0490	CHN
CHN__SAMN42391136	CHN
JPN__SAMD00892042	JPN
NODE_0520	JPN
NODE_0656	BEL
BEL__SAMEA117989552	BEL
NODE_0371	CHN
CHN__SAMN42391132	CHN
CHN__SAMN42391141	CHN
NODE_0390	CHN
NODE_0435	CHN
NODE_0445	CHN
CHN__SAMN44583819	CHN
CHN__SAMN50152051	CHN
NODE_0491	CHN
CHN__SAMN44583837	CHN
NODE_0521	JPN
JPN__SAMD00892048	JPN
NODE_0657	BEL
NODE_0666	BEL
NODE_0372	CHN
CHN__SAMN42391121	CHN
CHN__SAMN42391143	CHN
CHN__SAMN50152092	CHN
NODE_0436	CHN
CHN__SAMN50152036	CHN
NODE_0446	CHN
NODE_0448	CHN
NODE_0492	CHN
JPN__SAMD01797763	JPN
NODE_0522	JPN
JPN__SAMD00892047	JPN
NODE_0658	BEL
BEL__SAMEA117989604	BEL
BEL__SAMEA117989533	BEL
BEL__SAMEA117989560	BEL
NODE_0373	CHN
CHN__SAMN42391131	CHN
NODE_0437	CHN
CHN__SAMN42391116	CHN
NODE_0447	CHN
CHN__SAMN43024013	CHN
NODE_0449	CHN
NODE_0459	CHN
CHN__SAMN50151991	CHN
NODE_0493	CHN
NODE_0523	JPN
JPN__SAMD01697906	JPN
BEL__SAMEA117989526	BEL
NODE_0659	BEL
NODE_0374	CHN
CHN__SAMN40924133	CHN
CHN__SAMN39683369	CHN
NODE_0438	CHN
CHN__SAMN42391137	CHN
CHN__SAMN42391138	CHN
NODE_0450	CHN
NODE_0455	CHN
CHN__SAMN43024012	CHN
CHN__SAMN43024032	CHN
NODE_0494	CHN
CHN__SAMN44584012	CHN
JPN__SAMD00892045	JPN
JPN__SAMD00892049	JPN
BEL__SAMEA117989537	BEL
NODE_0660	BEL
NODE_0375	CHN
CHN__SAMN42391119	CHN
NODE_0439	CHN
NODE_0441	CHN
NODE_0451	CHN
CHN__SAMN50152080	CHN
NODE_0456	CHN
CHN__SAMN43024015	CHN
NODE_0495	CHN
CHN__SAMN44590307	CHN
NODE_0661	BEL
NODE_0664	BEL
NODE_0376	CHN
CHN__SAMN50152101	CHN
CHN__SAMN50152021	CHN
NODE_0440	CHN
NODE_0442	CHN
CHN__SAMN44583843	CHN
NODE_0452	CHN
CHN__SAMN44583840	CHN
NODE_0457	CHN
JPN__SAMD01593369	JPN
CHN__SAMN45156021	CHN
NODE_0496	JPN
NODE_0662	BEL
BEL__SAMEA117989562	BEL
BEL__SAMEA117989614	BEL
NODE_0665	BEL
NODE_0377	CHN
NODE_0388	CHN
CHN__SAMN44583863	CHN
CHN__SAMN44590268	CHN
NODE_0443	CHN
CHN__SAMN50152049	CHN
CHN__SAMN44583820	CHN
NODE_0453	CHN
NODE_0458	CHN
CHN__SAMN44583870	CHN
NODE_0497	JPN
JPN__SAMD01697902	JPN
BEL__SAMEA117989538	BEL
NODE_0663	BEL
BEL__SAMEA117989615	BEL
BEL__SAMEA117989616	BEL
NODE_0378	CHN
NODE_0382	CHN
CHN__SAMN44583831	CHN
CHN__SAMN44590261	CHN
NODE_0444	CHN
CHN__SAMN44583838	CHN
NODE_0454	CHN
CHN__SAMN44590257	CHN
CHN__SAMN40924154	CHN
CHN__SAMN50152085	CHN
JPN__SAMD00885980	JPN
JPN__SAMD01697901	JPN
BEL__SAMEA117989554	BEL
BEL__SAMEA117989577	BEL
CHN__SAMN42391103	CHN
NODE_0379	CHN
NODE_0383	CHN
CHN__SAMN43024024	CHN
CHN__SAMN44583816	CHN
CHN__SAMN44583817	CHN
CHN__SAMN44583823	CHN
CHN__SAMN44583824	CHN
NODE_0380	CHN
CHN__SAMN42391142	CHN
CHN__SAMN42391128	CHN
NODE_0384	CHN
CHN__SAMN42391104	CHN
NODE_0381	CHN
CHN__SAMN45156024	CHN
NODE_0385	JPN
CHN__SAMN42391118	CHN
CHN__SAMN42391129	CHN
NODE_0386	JPN
JPN__SAMD00892052	JPN
NODE_0387	JPN
JPN__SAMD01697917	JPN
JPN__SAMD00892036	JPN
JPN__SAMD01697918	JPN
