tree_sample_id	alignment_length	missing_sites	missing_fraction	alignment_qc_pass
AUS__SAMEA751508	4086189	381419	0.09334345523420479	True
AUS__SAMEA751513	4086189	388823	0.09515541253720765	True
AUS__SAMEA751511	4086189	377733	0.09244139221166715	True
AUS__SAMEA751512	4086189	368423	0.09016298560835047	True
AUS__SAMEA751183	4086189	380158	0.09303485472649455	True
AUS__SAMEA751337	4086189	399896	0.0978652725069741	True
AUS__SAMEA751155	4086189	378843	0.09271303897103145	True
AUS__SAMEA751475	4086189	369273	0.09037100339705285	True
AUS__SAMEA751476	4086189	385575	0.09436053985755431	True
AUS__SAMEA751477	4086189	386119	0.09449367124232384	True
AUS__SAMN18200432	4086189	381591	0.09338554824556573	True
AUS__SAMN22857989	4086189	382948	0.09371764252705883	True
AUS__SAMN22858044	4086189	383397	0.09382752486485574	True
AUS__SAMN22857945	4086189	382506	0.09360947327693359	True
AUS__SAMN22858020	4086189	383308	0.09380574417874454	True
AUS__SAMN22858066	4086189	383179	0.09377417442022383	True
AUS__SAMN22858115	4086189	382530	0.09361534672037931	True
AUS__SAMN18200430	4086189	381582	0.09338334570427359	True
AUS__SAMN22858161	4086189	382941	0.09371592943938717	True
AUS__SAMN22858166	4086189	384748	0.09415815078548741	True
AUS__SAMN22858150	4086189	384061	0.09399002346685384	True
AUS__SAMN22858181	4086189	382659	0.09364691647890003	True
AUS__SAMN08443709	4086189	388626	0.09510720135559075	True
AUS__SAMN08443715	4086189	384901	0.09419559398745384	True
AUS__SAMN07235949	4086189	384839	0.09418042092521907	True
AUS__SAMN08443734	4086189	382399	0.09358328750823812	True
AUS__SAMN08443746	4086189	384356	0.09406221787587407	True
AUS__SAMN08443742	4086189	387786	0.09490163083499074	True
AUS__SAMN08443767	4086189	382868	0.09369806438223978	True
AUS__SAMN18200431	4086189	391236	0.09574593833031218	True
AUS__SAMN08443771	4086189	382373	0.09357692461117192	True
AUS__SAMN08443772	4086189	382134	0.09351843490352502	True
AUS__SAMN45810538	4086189	394751	0.09660615306829909	True
AUS__SAMN45810571	4086189	382137	0.09351916908395573	True
AUS__SAMN45810572	4086189	386632	0.09461921609597598	True
AUS__SAMN45810573	4086189	748838	0.1832607351250762	True
AUS__SAMN45810574	4086189	754371	0.18461480856612358	True
AUS__SAMN08443778	4086189	386027	0.09447115637578193	True
AUS__SAMN08443780	4086189	382093	0.09350840110430526	True
AUS__SAMN45810527	4086189	398733	0.0975806552266672	True
AUS__SAMN45810539	4086189	383341	0.0938138201634824	True
AUS__SAMN45810547	4086189	383290	0.09380133909616026	True
AUS__SAMN45810575	4086189	799834	0.1957408235399782	True
AUS__SAMN45810511	4086189	385722	0.09439651469865931	True
AUS__SAMN44480251	4086189	385237	0.09427782219569383	True
AUS__SAMN44480252	4086189	385258	0.09428296145870883	True
AUS__SAMN45810503	4086189	383041	0.09374040212041097	True
AUS__SAMN45810504	4086189	391062	0.09570335586533076	True
AUS__SAMN45810513	4086189	384945	0.09420636196710432	True
AUS__SAMN45810536	4086189	383577	0.0938715756906986	True
AUS__SAMN45810543	4086189	800433	0.19588741489931083	True
AUS__SAMN45810549	4086189	792344	0.19390781973129487	True
AUS__SAMN45810556	4086189	802561	0.1964081935514975	True
AUS__SAMN45810557	4086189	752518	0.1841613297867524	True
AUS__SAMN45810558	4086189	728555	0.17829694123301687	True
AUS__SAMN45810562	4086189	793354	0.19415499380963533	True
AUS__SAMN45810564	4086189	389861	0.0954094389662348	True
AUS__SAMN45810580	4086189	386017	0.09446870910767956	True
AUS__SAMN45810582	4086189	800274	0.19584850333648296	True
AUS__SAMN45810584	4086189	387652	0.09486883744241884	True
AUS__SAMN45810594	4086189	410449	0.10044787453541675	True
AUS__SAMN45810596	4086189	385443	0.09432823591860288	True
AUS__SAMN45810598	4086189	384604	0.09412291012481312	True
AUS__SAMN45810606	4086189	803651	0.19667494577465702	True
AUS__SAMN45810610	4086189	381705	0.09341344710193288	True
AUS__SAMN45810611	4086189	387294	0.0947812252443536	True
AUS__SAMN45810627	4086189	729552	0.17854093386282427	True
AUS__SAMN45810630	4086189	790519	0.19346119330261033	True
AUS__SAMN45810633	4086189	383839	0.09393569411498097	True
AUS__SAMN45810634	4086189	385918	0.09444448115346599	True
AUS__SAMN45810638	4086189	385180	0.09426387276751026	True
AUS__SAMN45810640	4086189	381736	0.09342103363305025	True
AUS__SAMN45810642	4086189	383153	0.09376781152315763	True
AUS__SAMN45810643	4086189	791817	0.1937788487022994	True
AUS__SAMN45810645	4086189	750618	0.18369634884730002	True
AUS__SAMN45810646	4086189	384200	0.09402404049347693	True
AUS__SAMN45811366	4086189	782555	0.19151218898587413	True
AUS__SAMN45811367	4086189	725547	0.17756080298782068	True
AUS__SAMN45811368	4086189	736059	0.18013337121704356	True
AUS__SAMN45811371	4086189	807867	0.19770671400662085	True
BEL__SAMEA117989203	4086189	396074	0.0969299266382441	True
BEL__SAMEA117989205	4086189	382136	0.0935189243571455	True
BEL__SAMEA117989208	4086189	399308	0.09772137314255411	True
BEL__SAMEA117989209	4086189	394553	0.09655769715987195	True
BEL__SAMEA117989211	4086189	381542	0.09337355663186407	True
BEL__SAMEA117989214	4086189	381546	0.09337453553910502	True
BEL__SAMEA117989221	4086189	407110	0.09963073171603173	True
BEL__SAMEA117989226	4086189	400149	0.09792718838996434	True
BEL__SAMEA117989252	4086189	394801	0.096618389408811	True
BEL__SAMEA117989259	4086189	396022	0.09691720084411172	True
BEL__SAMEA117989272	4086189	381790	0.09343424888080311	True
BEL__SAMEA117989286	4086189	383359	0.09381822524606669	True
BEL__SAMEA117989308	4086189	381550	0.09337551444634597	True
BEL__SAMEA117989309	4086189	381542	0.09337355663186407	True
BEL__SAMEA117989353	4086189	392755	0.09611767835506385	True
BEL__SAMEA117989425	4086189	386682	0.09463145243648789	True
BEL__SAMEA117989434	4086189	405990	0.09935663768856506	True
BEL__SAMEA117989436	4086189	409861	0.10030397517099673	True
BEL__SAMEA117989467	4086189	381772	0.09342984379821882	True
BEL__SAMEA117989479	4086189	423402	0.10361782090843082	True
BEL__SAMEA117989511	4086189	628032	0.15369626808745263	True
BEL__SAMEA117989512	4086189	588214	0.14395173595739208	True
BEL__SAMEA117989513	4086189	606932	0.14853253239142877	True
BEL__SAMEA117989514	4086189	624852	0.1529180368308955	True
BEL__SAMEA117989515	4086189	631162	0.15446226300349788	True
BEL__SAMEA117989516	4086189	669300	0.16379565409235844	True
BEL__SAMEA117989517	4086189	530984	0.1299460206074658	True
BEL__SAMEA117989518	4086189	637202	0.155940412937336	True
BEL__SAMEA117989519	4086189	629460	0.15404573797247265	True
BEL__SAMEA117989520	4086189	675035	0.16519916234907392	True
BEL__SAMEA117989521	4086189	565663	0.13843290165971275	True
BEL__SAMEA117989522	4086189	390446	0.09555260415022408	True
BEL__SAMEA117989523	4086189	559752	0.13698632148439535	True
BEL__SAMEA117989524	4086189	610536	0.1494145278155269	True
BEL__SAMEA117989525	4086189	424027	0.10377077516482963	True
BEL__SAMEA117989526	4086189	381583	0.09338359043108382	True
BEL__SAMEA117989527	4086189	647579	0.15847994304717672	True
BEL__SAMEA117989528	4086189	600946	0.14706759770534353	True
BEL__SAMEA117989529	4086189	603396	0.14766717839042687	True
BEL__SAMEA117989530	4086189	615042	0.15051726682245975	True
BEL__SAMEA117989531	4086189	603573	0.14771049503583902	True
BEL__SAMEA117989532	4086189	613227	0.1500730876618776	True
BEL__SAMEA117989533	4086189	610829	0.14948623277092665	True
BEL__SAMEA117989534	4086189	605420	0.14816250545434878	True
BEL__SAMEA117989535	4086189	595308	0.14568782794922114	True
BEL__SAMEA117989536	4086189	590835	0.14459316492702615	True
BEL__SAMEA117989537	4086189	609618	0.14918986860372832	True
BEL__SAMEA117989538	4086189	612888	0.1499901252732069	True
BEL__SAMEA117989539	4086189	610001	0.1492835989720495	True
BEL__SAMEA117989540	4086189	609158	0.1490772942710188	True
BEL__SAMEA117989541	4086189	632285	0.15473709121139526	True
BEL__SAMEA117989542	4086189	381683	0.09340806311210764	True
BEL__SAMEA117989543	4086189	633113	0.1549397250102724	True
BEL__SAMEA117989544	4086189	606519	0.14843146021880047	True
BEL__SAMEA117989545	4086189	689856	0.16882625840361276	True
BEL__SAMEA117989546	4086189	699955	0.17129775446020729	True
BEL__SAMEA117989547	4086189	672493	0.16457706679744868	True
BEL__SAMEA117989548	4086189	693710	0.16976943553027038	True
BEL__SAMEA117989549	4086189	384923	0.09420097797727907	True
BEL__SAMEA117989550	4086189	703768	0.17223089778764517	True
BEL__SAMEA117989551	4086189	693083	0.16961599182025108	True
BEL__SAMEA117989552	4086189	678694	0.16609461774773512	True
BEL__SAMEA117989553	4086189	686351	0.16796849093372823	True
BEL__SAMEA117989554	4086189	381544	0.09337404608548454	True
BEL__SAMEA117989555	4086189	710145	0.1737915206565335	True
BEL__SAMEA117989556	4086189	692299	0.16942412600102444	True
BEL__SAMEA117989557	4086189	677864	0.1658914944952375	True
BEL__SAMEA117989558	4086189	698421	0.17092234353330205	True
BEL__SAMEA117989559	4086189	686977	0.16812168991693727	True
BEL__SAMEA117989560	4086189	686299	0.16795576513959584	True
BEL__SAMEA117989561	4086189	688698	0.16854286475735702	True
BEL__SAMEA117989562	4086189	381544	0.09337404608548454	True
BEL__SAMEA117989564	4086189	693550	0.16973027924063228	True
BEL__SAMEA117989565	4086189	698564	0.1709573394671661	True
BEL__SAMEA117989567	4086189	695004	0.17008611202271848	True
BEL__SAMEA117989568	4086189	692443	0.16945936666169872	True
BEL__SAMEA117989569	4086189	690038	0.16887079868307608	True
BEL__SAMEA117989570	4086189	683900	0.16736866552183466	True
BEL__SAMEA117989571	4086189	697218	0.17062793718058564	True
BEL__SAMEA117989572	4086189	676047	0.16544682588103488	True
BEL__SAMEA117989573	4086189	394177	0.09646567987922243	True
BEL__SAMEA117989574	4086189	685678	0.16780378979043797	True
BEL__SAMEA117989575	4086189	636540	0.15577840378895838	True
BEL__SAMEA117989576	4086189	384948	0.09420709614753503	True
BEL__SAMEA117989577	4086189	381548	0.0933750249927255	True
BEL__SAMEA117989578	4086189	626085	0.15321978498791905	True
BEL__SAMEA117989579	4086189	620014	0.15173404852296357	True
BEL__SAMEA117989580	4086189	381570	0.09338040898255073	True
BEL__SAMEA117989581	4086189	645898	0.1580685572791665	True
BEL__SAMEA117989582	4086189	621286	0.15204534102558642	True
BEL__SAMEA117989583	4086189	626374	0.15329051103607788	True
BEL__SAMEA117989584	4086189	709460	0.1736238827915204	True
BEL__SAMEA117989585	4086189	616637	0.1509076060847895	True
BEL__SAMEA117989586	4086189	615997	0.15075098092623715	True
BEL__SAMEA117989587	4086189	611259	0.14959146529932904	True
BEL__SAMEA117989588	4086189	626733	0.15337836796095336	True
BEL__SAMEA117989589	4086189	615317	0.15058456669527523	True
BEL__SAMEA117989590	4086189	658078	0.16104932982786652	True
BEL__SAMEA117989592	4086189	621248	0.15203604140679738	True
BEL__SAMEA117989593	4086189	636765	0.15583346732126194	True
BEL__SAMEA117989594	4086189	631569	0.1545618668152648	True
BEL__SAMEA117989595	4086189	639837	0.15658526808231338	True
BEL__SAMEA117989596	4086189	637509	0.15601554406807908	True
BEL__SAMEA117989597	4086189	682690	0.16707254608144656	True
BEL__SAMEA117989598	4086189	628703	0.1538604797771224	True
BEL__SAMEA117989599	4086189	610905	0.14950483200850476	True
BEL__SAMEA117989601	4086189	624488	0.15282895627196882	True
BEL__SAMEA117989604	4086189	622074	0.15223818575205406	True
BEL__SAMEA117989605	4086189	614519	0.15038927470070523	True
BEL__SAMEA117989606	4086189	623407	0.15256440659010143	True
BEL__SAMEA117989608	4086189	626951	0.15343171840558525	True
BEL__SAMEA117989610	4086189	616613	0.1509017326413438	True
BEL__SAMEA117989611	4086189	620868	0.15194304521890692	True
BEL__SAMEA117989612	4086189	623810	0.1526630314946274	True
BEL__SAMEA117989613	4086189	619136	0.15151917838357454	True
BEL__SAMEA117989614	4086189	620650	0.151889694774275	True
BEL__SAMEA117989615	4086189	615557	0.15064330112973237	True
BEL__SAMEA117989616	4086189	613021	0.15002267393896856	True
BEL__SAMEA117989617	4086189	626867	0.15341116135352525	True
CHN__SAMN03249373	4086189	332292	0.08132076122763778	True
CHN__SAMN22851881	4086189	332729	0.08142770684371183	True
CHN__SAMN09947459	4086189	381676	0.09340635002443597	True
CHN__SAMN09947460	4086189	382361	0.09357398788944907	True
CHN__SAMN09947464	4086189	363363	0.0889246679485457	True
CHN__SAMN09947467	4086189	363380	0.08892882830431975	True
CHN__SAMN09947473	4086189	363392	0.08893176502604261	True
CHN__SAMN09947475	4086189	363428	0.08894057519121118	True
CHN__SAMN11295233	4086189	363372	0.08892687048983784	True
CHN__SAMN07326325	4086189	365151	0.08936223948525142	True
CHN__SAMN07329769	4086189	367186	0.08986025854408594	True
CHN__SAMN07329777	4086189	384196	0.09402306158623598	True
CHN__SAMN07329779	4086189	364237	0.0891385591806938	True
CHN__SAMN07329785	4086189	381833	0.09344477213364336	True
CHN__SAMN07329787	4086189	363582	0.08897826311998784	True
CHN__SAMN09947486	4086189	363356	0.08892295486087404	True
CHN__SAMN09947492	4086189	363457	0.08894767226870808	True
CHN__SAMN09947493	4086189	363414	0.08893714901586784	True
CHN__SAMN07329781	4086189	365275	0.08939258560972094	True
CHN__SAMN07329782	4086189	365753	0.08950956502501475	True
CHN__SAMN07329783	4086189	365251	0.08938671216627522	True
CHN__SAMN07329789	4086189	364740	0.08926165676624356	True
CHN__SAMN07329790	4086189	363540	0.08896798459395784	True
CHN__SAMN07329793	4086189	390509	0.09556802193926908	True
CHN__SAMN33268689	4086189	381557	0.09337722753401764	True
CHN__SAMN33268690	4086189	363418	0.08893812792310879	True
CHN__SAMN39683174	4086189	383130	0.09376218280652217	True
CHN__SAMN39683176	4086189	381997	0.09348490733052241	True
CHN__SAMN39682877	4086189	363395	0.08893249920647332	True
CHN__SAMN39682878	4086189	363548	0.08896994240843975	True
CHN__SAMN09941175	4086189	365500	0.08944764914202451	True
CHN__SAMN17613197	4086189	364069	0.0890974450765738	True
CHN__SAMN17613198	4086189	369797	0.09049924024561762	True
CHN__SAMN22233915	4086189	363455	0.08894718281508761	True
CHN__SAMN22233924	4086189	381556	0.0933769828072074	True
CHN__SAMN32033974	4086189	363635	0.08899123364093046	True
CHN__SAMN32033981	4086189	363540	0.08896798459395784	True
CHN__SAMN33268552	4086189	381610	0.09339019805496025	True
CHN__SAMN39682971	4086189	363512	0.08896113224327118	True
CHN__SAMN39683227	4086189	381652	0.09340047658099025	True
CHN__SAMN50151934	4086189	385381	0.09431306285636812	True
CHN__SAMN50151935	4086189	365938	0.0895548394849088	True
CHN__SAMN50151936	4086189	366912	0.08979320339808071	True
CHN__SAMN50151937	4086189	366551	0.08970485701958475	True
CHN__SAMN50151938	4086189	366230	0.08962629971349832	True
CHN__SAMN50151939	4086189	366344	0.08965419856986546	True
CHN__SAMN50151940	4086189	384333	0.09405658915923859	True
CHN__SAMN50151941	4086189	365970	0.08956267074283641	True
CHN__SAMN50151942	4086189	366271	0.08963633351271809	True
CHN__SAMN50151943	4086189	384956	0.09420905396201693	True
CHN__SAMN50151944	4086189	384703	0.0941471380790267	True
CHN__SAMN50151945	4086189	366257	0.08963290733737475	True
CHN__SAMN50151946	4086189	366508	0.08969433376674452	True
CHN__SAMN50151947	4086189	384963	0.0942107670496886	True
CHN__SAMN50151948	4086189	366795	0.08976457036128285	True
CHN__SAMN50151949	4086189	366774	0.08975943109826785	True
CHN__SAMN50151950	4086189	384712	0.09414934062031884	True
CHN__SAMN50151951	4086189	384562	0.09411263159878312	True
CHN__SAMN50151952	4086189	374752	0.09171186159034739	True
CHN__SAMN50151953	4086189	367066	0.08983089132685737	True
CHN__SAMN50151954	4086189	367359	0.08990259628225714	True
CHN__SAMN50151955	4086189	385127	0.09425090224656764	True
CHN__SAMN50151956	4086189	385269	0.09428565345362146	True
CHN__SAMN50151957	4086189	384879	0.0941902099976286	True
CHN__SAMN22233918	4086189	363549	0.08897018713524998	True
CHN__SAMN22233923	4086189	363399	0.08893347811371427	True
CHN__SAMN32033992	4086189	367614	0.08996500161886785	True
CHN__SAMN32033997	4086189	381831	0.09344428268002287	True
CHN__SAMN39683481	4086189	382011	0.09348833350586573	True
CHN__SAMN39683486	4086189	364278	0.08914859297991355	True
CHN__SAMN41373914	4086189	365919	0.08955018967551427	True
CHN__SAMN41373915	4086189	365733	0.08950467048880999	True
CHN__SAMN41373916	4086189	365757	0.0895105439322557	True
CHN__SAMN41373917	4086189	366002	0.08957050200076404	True
CHN__SAMN41373918	4086189	365692	0.08949463668959022	True
CHN__SAMN41373919	4086189	365695	0.08949537087002093	True
CHN__SAMN41373920	4086189	383893	0.09394890936273384	True
CHN__SAMN41373921	4086189	365717	0.08950075485984618	True
CHN__SAMN41373922	4086189	368120	0.09008883338484833	True
CHN__SAMN41373923	4086189	384347	0.09406001533458193	True
CHN__SAMN41373924	4086189	365741	0.0895066283032919	True
CHN__SAMN41373925	4086189	365710	0.0894990417721745	True
CHN__SAMN41373927	4086189	366444	0.08967867125088927	True
CHN__SAMN41373928	4086189	365144	0.08936052639757976	True
CHN__SAMN41373929	4086189	365920	0.08955043440232452	True
CHN__SAMN41373930	4086189	366547	0.0897038781123438	True
CHN__SAMN41373931	4086189	365731	0.0895041810351895	True
CHN__SAMN41373932	4086189	365727	0.08950320212794856	True
CHN__SAMN41373933	4086189	365919	0.08955018967551427	True
CHN__SAMN41373934	4086189	365046	0.08933654317017642	True
CHN__SAMN41373935	4086189	365038	0.08933458535569451	True
CHN__SAMN41373936	4086189	365665	0.08948802906571379	True
CHN__SAMN41373937	4086189	365629	0.08947921890054522	True
CHN__SAMN41373938	4086189	365048	0.08933703262379689	True
CHN__SAMN41373939	4086189	365054	0.08933850098465831	True
CHN__SAMN41373940	4086189	367018	0.08981914443996594	True
CHN__SAMN41373941	4086189	365042	0.08933556426293546	True
CHN__SAMN41373942	4086189	366457	0.08968185269942237	True
CHN__SAMN41373943	4086189	366325	0.08964954876047095	True
CHN__SAMN41373944	4086189	366119	0.0895991350375619	True
CHN__SAMN41373945	4086189	365015	0.08932895663905903	True
CHN__SAMN41373946	4086189	365708	0.08949855231855404	True
CHN__SAMN41373947	4086189	365704	0.08949757341131308	True
CHN__SAMN41373948	4086189	365802	0.08952155663871642	True
CHN__SAMN41373949	4086189	383865	0.09394205701204716	True
CHN__SAMN41373950	4086189	365824	0.08952694062854166	True
CHN__SAMN41373951	4086189	365846	0.0895323246183669	True
CHN__SAMN41373952	4086189	365684	0.08949267887510833	True
CHN__SAMN41373953	4086189	383962	0.09396579551264027	True
CHN__SAMN41373954	4086189	365018	0.08932969081948974	True
CHN__SAMN41373955	4086189	365913	0.08954872131465284	True
CHN__SAMN41373956	4086189	365725	0.08950271267432808	True
CHN__SAMN41373957	4086189	366240	0.0896287469816007	True
CHN__SAMN41373958	4086189	383922	0.09395600644023074	True
CHN__SAMN41373959	4086189	365692	0.08949463668959022	True
CHN__SAMN41373960	4086189	365268	0.08939087252204928	True
CHN__SAMN41373961	4086189	365822	0.08952645117492118	True
CHN__SAMN41373962	4086189	365700	0.08949659450407213	True
CHN__SAMN41373963	4086189	365031	0.08933287226802285	True
CHN__SAMN41373964	4086189	366243	0.08962948116203141	True
CHN__SAMN41373965	4086189	365710	0.0894990417721745	True
CHN__SAMN41373966	4086189	365696	0.08949561559683118	True
CHN__SAMN41373967	4086189	366387	0.0896647218227057	True
CHN__SAMN41373968	4086189	365928	0.08955239221680641	True
CHN__SAMN41373969	4086189	365797	0.08952033300466523	True
CHN__SAMN41373970	4086189	365372	0.08941632411031404	True
CHN__SAMN41373971	4086189	365014	0.0893287119122488	True
CHN__SAMN41373972	4086189	365158	0.08936395257292308	True
CHN__SAMN41373973	4086189	366556	0.08970608065363594	True
CHN__SAMN41373974	4086189	365014	0.0893287119122488	True
CHN__SAMN41373975	4086189	365329	0.0894058008574738	True
CHN__SAMN50151958	4086189	384977	0.09421419322503193	True
CHN__SAMN50151959	4086189	371118	0.09082252436194214	True
CHN__SAMN50151960	4086189	384965	0.09421125650330907	True
CHN__SAMN50151961	4086189	384761	0.0941613322340205	True
CHN__SAMN50151962	4086189	384894	0.09419388089978217	True
CHN__SAMN50151963	4086189	384805	0.09417210021367098	True
CHN__SAMN50151964	4086189	385297	0.09429250580430812	True
CHN__SAMN50151965	4086189	384873	0.09418874163676717	True
CHN__SAMN50151966	4086189	385274	0.09428687708767265	True
CHN__SAMN50151967	4086189	385892	0.09443811825639979	True
CHN__SAMN50151968	4086189	366733	0.08974939729904809	True
CHN__SAMN50151969	4086189	385113	0.09424747607122431	True
CHN__SAMN50151970	4086189	385414	0.09432113884110598	True
CHN__SAMN50151971	4086189	367997	0.09005873198718904	True
CHN__SAMN50151972	4086189	366880	0.08978537214015309	True
CHN__SAMN50151973	4086189	384213	0.09402722194201002	True
CHN__SAMN50151974	4086189	366690	0.08973887404620785	True
CHN__SAMN50151975	4086189	365959	0.0895599787479238	True
CHN__SAMN50151976	4086189	366905	0.08979149031040903	True
CHN__SAMN50151977	4086189	384084	0.0939956521834893	True
CHN__SAMN50151978	4086189	367012	0.08981767607910451	True
CHN__SAMN50151979	4086189	366652	0.0897295744274188	True
CHN__SAMN50151980	4086189	366033	0.08957808853188141	True
CHN__SAMN50151981	4086189	365681	0.08949194469467761	True
CHN__SAMN50151982	4086189	366622	0.08972223262311166	True
CHN__SAMN50151983	4086189	366351	0.08965591165753713	True
CHN__SAMN41373926	4086189	383959	0.09396506133220955	True
CHN__SAMN45156013	4086189	382886	0.09370246946482406	True
CHN__SAMN32034026	4086189	381787	0.0934335147003724	True
CHN__SAMN32034035	4086189	381574	0.09338138788979168	True
CHN__SAMN39683296	4086189	381816	0.0934406117778693	True
CHN__SAMN39683299	4086189	381781	0.09343204633951097	True
CHN__SAMN42391088	4086189	363452	0.0889464486346569	True
CHN__SAMN42391089	4086189	363390	0.08893127557242213	True
CHN__SAMN42391090	4086189	363389	0.0889310308456119	True
CHN__SAMN42391091	4086189	363433	0.08894179882526236	True
CHN__SAMN42391092	4086189	363412	0.08893665956224736	True
CHN__SAMN42391093	4086189	368105	0.09008516248269476	True
CHN__SAMN42391095	4086189	363371	0.08892662576302761	True
CHN__SAMN42391096	4086189	363375	0.08892760467026856	True
CHN__SAMN42391098	4086189	363365	0.08892515740216618	True
CHN__SAMN42391099	4086189	363895	0.08905486261159237	True
CHN__SAMN42391105	4086189	363538	0.08896749514033736	True
CHN__SAMN42391107	4086189	373740	0.09146419805838643	True
CHN__SAMN42391108	4086189	363379	0.0889285835775095	True
CHN__SAMN42391109	4086189	382324	0.09356493299747026	True
CHN__SAMN42391110	4086189	363365	0.08892515740216618	True
CHN__SAMN42391111	4086189	364338	0.08916327658852784	True
CHN__SAMN42391112	4086189	363373	0.08892711521664808	True
CHN__SAMN42391113	4086189	363378	0.08892833885069927	True
CHN__SAMN42391114	4086189	367283	0.08988399704467905	True
CHN__SAMN42391115	4086189	381626	0.09339411368392407	True
CHN__SAMN50151990	4086189	384945	0.09420636196710432	True
CHN__SAMN50151991	4086189	384200	0.09402404049347693	True
CHN__SAMN50151995	4086189	385099	0.09424404989588098	True
CHN__SAMN50151998	4086189	385516	0.09434610097575026	True
CHN__SAMN50152004	4086189	385378	0.0943123286759374	True
CHN__SAMN50152005	4086189	384806	0.09417234494048121	True
CHN__SAMN50152007	4086189	385338	0.09430253960352789	True
CHN__SAMN50152013	4086189	386300	0.09453796679497693	True
CHN__SAMN32034055	4086189	381704	0.09341320237512264	True
CHN__SAMN32034068	4086189	381717	0.09341638382365573	True
CHN__SAMN33268551	4086189	381851	0.09344917721622764	True
CHN__SAMN39683369	4086189	381659	0.09340218966866193	True
CHN__SAMN39683412	4086189	381798	0.09343620669528502	True
CHN__SAMN42391094	4086189	363363	0.0889246679485457	True
CHN__SAMN42391100	4086189	363364	0.08892491267535593	True
CHN__SAMN42391101	4086189	363373	0.08892711521664808	True
CHN__SAMN42391102	4086189	363386	0.08893029666518118	True
CHN__SAMN42391103	4086189	381631	0.09339533731797525	True
CHN__SAMN42391104	4086189	381578	0.09338236679703264	True
CHN__SAMN42391106	4086189	370420	0.09065170504839595	True
CHN__SAMN42391116	4086189	381595	0.09338652715280668	True
CHN__SAMN42391117	4086189	363397	0.08893298866009379	True
CHN__SAMN42391118	4086189	381541	0.09337331190505382	True
CHN__SAMN42391119	4086189	381606	0.0933892191477193	True
CHN__SAMN42391120	4086189	363417	0.08893788319629856	True
CHN__SAMN42391121	4086189	381573	0.09338114316298145	True
CHN__SAMN42391122	4086189	381617	0.09339191114263193	True
CHN__SAMN42391123	4086189	363373	0.08892711521664808	True
CHN__SAMN42391124	4086189	381558	0.09337747226082788	True
CHN__SAMN42391125	4086189	363362	0.08892442322173547	True
CHN__SAMN42391126	4086189	394263	0.0964867263849029	True
CHN__SAMN42391127	4086189	366140	0.0896042743005769	True
CHN__SAMN42391128	4086189	382896	0.09370491673292645	True
CHN__SAMN42391129	4086189	381673	0.09340561584400525	True
CHN__SAMN42391130	4086189	381660	0.09340243439547216	True
CHN__SAMN42391131	4086189	381582	0.09338334570427359	True
CHN__SAMN42391132	4086189	381642	0.09339802931288788	True
CHN__SAMN45156014	4086189	364038	0.08908985854545641	True
CHN__SAMN45156015	4086189	382036	0.09349445167612169	True
CHN__SAMN45156016	4086189	382031	0.0934932280420705	True
CHN__SAMN45156019	4086189	383707	0.09390339017602954	True
CHN__SAMN45156020	4086189	383117	0.09375900135798906	True
CHN__SAMN45156021	4086189	382597	0.09363174341666526	True
CHN__SAMN45156022	4086189	364407	0.08918016273843427	True
CHN__SAMN50152020	4086189	383557	0.09386668115449383	True
CHN__SAMN50152021	4086189	383364	0.09381944888011788	True
CHN__SAMN50152026	4086189	388671	0.09511821406205147	True
CHN__SAMN50152028	4086189	390685	0.09561109385787099	True
CHN__SAMN50152031	4086189	391083	0.09570849512834576	True
CHN__SAMN50152036	4086189	387951	0.09494201075868003	True
CHN__SAMN50152040	4086189	391566	0.09582669817769075	True
CHN__SAMN50152043	4086189	391288	0.09575866412444456	True
CHN__SAMN39683154	4086189	363567	0.08897459221783427	True
CHN__SAMN39683447	4086189	381622	0.09339313477668311	True
CHN__SAMN42391133	4086189	381619	0.0933924005962524	True
CHN__SAMN42391134	4086189	381565	0.09337918534849954	True
CHN__SAMN42391135	4086189	400356	0.09797784683968362	True
CHN__SAMN42391136	4086189	381690	0.0934097761997793	True
CHN__SAMN42391137	4086189	381706	0.09341369182874311	True
CHN__SAMN42391138	4086189	381565	0.09337918534849954	True
CHN__SAMN42391139	4086189	381595	0.09338652715280668	True
CHN__SAMN42391140	4086189	381673	0.09340561584400525	True
CHN__SAMN42391141	4086189	381576	0.09338187734341216	True
CHN__SAMN42391142	4086189	382114	0.09351354036732026	True
CHN__SAMN42391143	4086189	381627	0.0933943584107343	True
CHN__SAMN42391144	4086189	381620	0.09339264532306264	True
CHN__SAMN42391145	4086189	381617	0.09339191114263193	True
CHN__SAMN42391146	4086189	381656	0.09340145548823121	True
CHN__SAMN42391147	4086189	381585	0.0933840798847043	True
CHN__SAMN42391148	4086189	381718	0.09341662855046597	True
CHN__SAMN42391149	4086189	381578	0.09338236679703264	True
CHN__SAMN42391150	4086189	383405	0.09382948267933765	True
CHN__SAMN44583814	4086189	381924	0.09346704227337502	True
CHN__SAMN44583815	4086189	382183	0.09353042651722669	True
CHN__SAMN44583816	4086189	382001	0.09348588623776335	True
CHN__SAMN44583817	4086189	382045	0.09349665421741384	True
CHN__SAMN44583818	4086189	382171	0.09352748979550383	True
CHN__SAMN44583819	4086189	382243	0.09354511012584098	True
CHN__SAMN44583820	4086189	381924	0.09346704227337502	True
CHN__SAMN44583821	4086189	381786	0.09343326997356216	True
CHN__SAMN44583822	4086189	382037	0.09349469640293193	True
CHN__SAMN44583823	4086189	382431	0.09359111876616573	True
CHN__SAMN44583824	4086189	382407	0.09358524532272001	True
CHN__SAMN44583825	4086189	381874	0.09345480593286312	True
CHN__SAMN44583826	4086189	382006	0.09348710987181455	True
CHN__SAMN44583827	4086189	381898	0.09346067937630884	True
CHN__SAMN44583828	4086189	382015	0.09348931241310669	True
CHN__SAMN44583829	4086189	381688	0.09340928674615882	True
CHN__SAMN44583830	4086189	381821	0.0934418354119205	True
CHN__SAMN44583831	4086189	381995	0.09348441787690193	True
CHN__SAMN44583832	4086189	382110	0.0935125614600793	True
CHN__SAMN45156018	4086189	382079	0.09350497492896193	True
CHN__SAMN45156024	4086189	383310	0.09380623363236502	True
CHN__SAMN45156025	4086189	382681	0.09365230046872526	True
CHN__SAMN45156026	4086189	382580	0.09362758306089121	True
CHN__SAMN45156027	4086189	384012	0.09397803185315216	True
CHN__SAMN45156028	4086189	387428	0.09481401863692551	True
CHN__SAMN45156030	4086189	384913	0.09419853070917669	True
CHN__SAMN50152046	4086189	388800	0.09514978382057218	True
CHN__SAMN50152047	4086189	387398	0.09480667683261837	True
CHN__SAMN50152049	4086189	391025	0.09569430097335194	True
CHN__SAMN50152051	4086189	391220	0.09574202270134838	True
CHN__SAMN50152052	4086189	391442	0.09579635205322123	True
CHN__SAMN50152053	4086189	390661	0.09560522041442528	True
CHN__SAMN50152054	4086189	383384	0.09382434341632265	True
CHN__SAMN50152056	4086189	383349	0.09381577797796431	True
CHN__SAMN40924133	4086189	381731	0.09341980999899907	True
CHN__SAMN40924154	4086189	382009	0.09348784405224526	True
CHN__SAMN43024010	4086189	393671	0.09634184811324195	True
CHN__SAMN43024011	4086189	390871	0.09565661304457528	True
CHN__SAMN43024012	4086189	387486	0.09482821279191932	True
CHN__SAMN43024013	4086189	386813	0.09466351164862907	True
CHN__SAMN43024014	4086189	386813	0.09466351164862907	True
CHN__SAMN43024015	4086189	391125	0.09571877365437576	True
CHN__SAMN43024016	4086189	393457	0.09628947657585099	True
CHN__SAMN43024017	4086189	408175	0.09989136576893531	True
CHN__SAMN43024018	4086189	399905	0.09786747504826625	True
CHN__SAMN43024019	4086189	395962	0.09690251723549743	True
CHN__SAMN43024020	4086189	389886	0.09541555713649075	True
CHN__SAMN43024021	4086189	386157	0.09450297086111288	True
CHN__SAMN43024023	4086189	399768	0.09783394747526362	True
CHN__SAMN43024024	4086189	397557	0.0972928564978272	True
CHN__SAMN43024025	4086189	398117	0.09742990351156053	True
CHN__SAMN43024027	4086189	395941	0.09689737797248243	True
CHN__SAMN43024031	4086189	397454	0.09726764963637267	True
CHN__SAMN43024032	4086189	392883	0.09614900338677433	True
CHN__SAMN43024034	4086189	397143	0.09719153959838862	True
CHN__SAMN44583833	4086189	382507	0.09360971800374383	True
CHN__SAMN44583834	4086189	382556	0.0936217096174455	True
CHN__SAMN44583835	4086189	381919	0.09346581863932384	True
CHN__SAMN44583837	4086189	381848	0.09344844303579693	True
CHN__SAMN44583838	4086189	381871	0.09345407175243241	True
CHN__SAMN44583839	4086189	382048	0.09349738839784455	True
CHN__SAMN44583840	4086189	382274	0.09355269665695835	True
CHN__SAMN44583843	4086189	382090	0.09350766692387455	True
CHN__SAMN44583845	4086189	382185	0.09353091597084716	True
CHN__SAMN44583846	4086189	381704	0.09341320237512264	True
CHN__SAMN44583859	4086189	382063	0.09350105929999812	True
CHN__SAMN44583863	4086189	381844	0.09344746412855597	True
CHN__SAMN44583865	4086189	381660	0.09340243439547216	True
CHN__SAMN44583870	4086189	381810	0.09343914341700787	True
CHN__SAMN44583871	4086189	381904	0.09346214773717026	True
CHN__SAMN44583872	4086189	381769	0.09342910961778811	True
CHN__SAMN44583886	4086189	381852	0.09344942194303787	True
CHN__SAMN44583912	4086189	385184	0.09426485167475121	True
CHN__SAMN44583924	4086189	383960	0.09396530605901979	True
CHN__SAMN44583927	4086189	388797	0.09514904964014147	True
CHN__SAMN44583945	4086189	384335	0.09405707861285907	True
CHN__SAMN44583946	4086189	383909	0.09395282499169764	True
CHN__SAMN44583959	4086189	387785	0.09490138610818051	True
CHN__SAMN44583972	4086189	383730	0.09390901889266502	True
CHN__SAMN44584005	4086189	381848	0.09344844303579693	True
CHN__SAMN44584012	4086189	381679	0.09340708420486668	True
CHN__SAMN44584022	4086189	381704	0.09341320237512264	True
CHN__SAMN44584026	4086189	381848	0.09344844303579693	True
CHN__SAMN44584033	4086189	381838	0.09344599576769454	True
CHN__SAMN44584039	4086189	381827	0.09344330377278193	True
CHN__SAMN44584040	4086189	381904	0.09346214773717026	True
CHN__SAMN44584044	4086189	381704	0.09341320237512264	True
CHN__SAMN44584067	4086189	381713	0.09341540491641478	True
CHN__SAMN44584068	4086189	381695	0.0934109998338305	True
CHN__SAMN44584073	4086189	381688	0.09340928674615882	True
CHN__SAMN44584075	4086189	381845	0.09344770885536621	True
CHN__SAMN44584082	4086189	381823	0.09344232486554097	True
CHN__SAMN44584094	4086189	381679	0.09340708420486668	True
CHN__SAMN44584104	4086189	382135	0.09351867963033526	True
CHN__SAMN44590209	4086189	381823	0.09344232486554097	True
CHN__SAMN44590214	4086189	381848	0.09344844303579693	True
CHN__SAMN44590219	4086189	381845	0.09344770885536621	True
CHN__SAMN44590224	4086189	381836	0.09344550631407407	True
CHN__SAMN44590233	4086189	381846	0.09344795358217645	True
CHN__SAMN44590238	4086189	381671	0.09340512639038479	True
CHN__SAMN44590242	4086189	381838	0.09344599576769454	True
CHN__SAMN44590252	4086189	381828	0.09344354849959216	True
CHN__SAMN44590257	4086189	384430	0.0940803276598317	True
CHN__SAMN44590261	4086189	381684	0.09340830783891788	True
CHN__SAMN44590265	4086189	381694	0.09341075510702025	True
CHN__SAMN44590268	4086189	381844	0.09344746412855597	True
CHN__SAMN44590275	4086189	381848	0.09344844303579693	True
CHN__SAMN44590276	4086189	381848	0.09344844303579693	True
CHN__SAMN44590282	4086189	381694	0.09341075510702025	True
CHN__SAMN44590283	4086189	381705	0.09341344710193288	True
CHN__SAMN44590291	4086189	381848	0.09344844303579693	True
CHN__SAMN44590292	4086189	381687	0.09340904201934859	True
CHN__SAMN44590294	4086189	381695	0.0934109998338305	True
CHN__SAMN44590295	4086189	381690	0.0934097761997793	True
CHN__SAMN44590307	4086189	381835	0.09344526158726382	True
CHN__SAMN44590310	4086189	381679	0.09340708420486668	True
CHN__SAMN44590311	4086189	381702	0.09341271292150216	True
CHN__SAMN44590312	4086189	381670	0.09340488166357454	True
CHN__SAMN44590314	4086189	381858	0.0934508903038993	True
CHN__SAMN45156031	4086189	384731	0.09415399042971336	True
CHN__SAMN45156034	4086189	388107	0.09498018814107717	True
CHN__SAMN45156054	4086189	381628	0.09339460313754454	True
CHN__SAMN45156057	4086189	382661	0.0936474059325205	True
CHN__SAMN45156063	4086189	381964	0.09347683134578455	True
CHN__SAMN45156066	4086189	381562	0.09337845116806882	True
CHN__SAMN50152057	4086189	384016	0.09397901076039313	True
CHN__SAMN50152059	4086189	383875	0.09394450428014955	True
CHN__SAMN50152066	4086189	390488	0.09556288267625408	True
CHN__SAMN50152069	4086189	392424	0.09603667378087503	True
CHN__SAMN50152080	4086189	384816	0.0941747922085836	True
CHN__SAMN50152085	4086189	384582	0.09411752613498789	True
CHN__SAMN50152092	4086189	386488	0.0945839754353017	True
CHN__SAMN50152101	4086189	388521	0.09508150504051574	True
FRA__SAMEA751372	4086189	386638	0.09462068445683741	True
FRA__SAMN03366100	4086189	407362	0.09969240287221173	True
FRA__SAMN03491902	4086189	382370	0.09357619043074121	True
FRA__SAMN03491903	4086189	382598	0.0936319881434755	True
FRA__SAMEA4700352	4086189	382737	0.0936660051700986	True
FRA__SAMN09862835	4086189	382737	0.0936660051700986	True
FRA__SAMEA115874185	4086189	388454	0.09506510834422979	True
FRA__SAMEA115874186	4086189	797758	0.1952327706819239	True
FRA__SAMEA115874187	4086189	794766	0.19450054806569153	True
FRA__SAMEA115874188	4086189	813144	0.19899813738424726	True
FRA__SAMEA115874189	4086189	795546	0.19469143497767724	True
FRA__SAMEA115874190	4086189	385053	0.09423279246261003	True
FRA__SAMEA115874191	4086189	809862	0.19819494399304585	True
FRA__SAMEA115874193	4086189	730300	0.17872398951688237	True
FRA__SAMEA115874194	4086189	745552	0.1824565628266338	True
FRA__SAMEA115874195	4086189	816851	0.1999053396697999	True
FRA__SAMEA115874196	4086189	784571	0.19200555823531412	True
FRA__SAMEA115874197	4086189	773963	0.1894094962323084	True
FRA__SAMEA115874198	4086189	383038	0.09373966793998026	True
FRA__SAMEA115874199	4086189	800191	0.1958281910112332	True
FRA__SAMEA115874200	4086189	770746	0.18862221008377245	True
FRA__SAMEA115874201	4086189	383605	0.09387842804138526	True
FRA__SAMEA115874203	4086189	384075	0.09399344964219716	True
FRA__SAMEA115874206	4086189	785609	0.19225958466434126	True
FRA__SAMEA115874207	4086189	782041	0.19138639940541174	True
FRA__SAMEA115874208	4086189	774353	0.18950493968830126	True
FRA__SAMEA115874210	4086189	769925	0.18842128937256697	True
FRA__SAMEA115874211	4086189	383368	0.09382042778735883	True
FRA__SAMEA115874212	4086189	387026	0.09471563845920979	True
FRA__SAMEA115874213	4086189	392638	0.096089045318266	True
FRA__SAMEA115874214	4086189	768869	0.18816285786095552	True
FRA__SAMEA115874215	4086189	383718	0.09390608217094217	True
FRA__SAMEA115874216	4086189	385846	0.09442686082312883	True
FRA__SAMEA115874217	4086189	779531	0.19077213511171412	True
FRA__SAMEA115874218	4086189	787024	0.1926058731008282	True
FRA__SAMEA115874219	4086189	384480	0.09409256400034359	True
FRA__SAMEA115874220	4086189	783263	0.1916854555675227	True
FRA__SAMEA115874222	4086189	816214	0.19974944869167824	True
FRA__SAMEA115874223	4086189	806088	0.19727134501120727	True
FRA__SAMEA115874224	4086189	762202	0.18653126421709812	True
FRA__SAMEA115874225	4086189	793752	0.1942523950801101	True
FRA__SAMEA115874226	4086189	385318	0.09429764506732312	True
FRA__SAMEA115874228	4086189	387548	0.09484338585415408	True
FRA__SAMEA115874229	4086189	384708	0.09414836171307789	True
FRA__SAMEA115874235	4086189	384814	0.09417430275496312	True
FRA__SAMEA115874237	4086189	793526	0.1941970868209963	True
FRA__SAMEA115874240	4086189	764785	0.18716339356794315	True
FRA__SAMEA115874241	4086189	390844	0.09565000542069885	True
FRA__SAMEA115874242	4086189	393762	0.09636411825297361	True
FRA__SAMEA115874243	4086189	795728	0.19473597525714056	True
FRA__SAMEA115874245	4086189	814040	0.1992174126062206	True
FRA__SAMEA115874248	4086189	393154	0.09621532435234885	True
FRA__SAMEA115874249	4086189	732753	0.1793243043823964	True
FRA__SAMEA117615782	4086189	382553	0.09362097543701478	True
FRA__SAMEA117615783	4086189	385874	0.0944337131738155	True
FRA__SAMEA117615784	4086189	382020	0.09349053604715787	True
FRA__SAMEA117615785	4086189	383681	0.09389702727896336	True
FRA__SAMEA117615786	4086189	384492	0.09409550072206645	True
FRA__SAMN42490576	4086189	381801	0.09343694087571573	True
JPN__SAMN04875532	4086189	332294	0.08132125068125826	True
JPN__SAMN03249374	4086189	332268	0.08131488778419206	True
JPN__SAMN09862822	4086189	332790	0.08144263517913636	True
JPN__SAMEA41263168	4086189	383928	0.09395747480109216	True
JPN__SAMEA41187418	4086189	385068	0.0942364633647636	True
JPN__SAMEA41296918	4086189	382860	0.09369610656775788	True
JPN__SAMEA41211418	4086189	383177	0.09377368496660335	True
JPN__SAMEA41286418	4086189	383295	0.09380256273021145	True
JPN__SAMEA751448	4086189	396677	0.09707749690481766	True
JPN__SAMEA41226418	4086189	364084	0.08910111597872737	True
JPN__SAMEA41241418	4086189	382854	0.09369463820689646	True
JPN__SAMEA41249668	4086189	382293	0.09355734646635287	True
JPN__SAMEA41188918	4086189	382045	0.09349665421741384	True
JPN__SAMEA751489	4086189	336569	0.08236745779502612	True
JPN__SAMEA41194168	4086189	382157	0.0935240636201605	True
JPN__SAMEA41214418	4086189	382398	0.09358304278142787	True
JPN__SAMEA41218168	4086189	393094	0.09620064074373456	True
JPN__SAMEA41218918	4086189	384526	0.09410382143361455	True
JPN__SAMD00570793	4086189	381578	0.09338236679703264	True
JPN__SAMEA41224918	4086189	383016	0.09373428395015503	True
JPN__SAMEA41227918	4086189	390533	0.0955738953827148	True
JPN__SAMEA41231668	4086189	382294	0.09355759119316312	True
JPN__SAMEA751127	4086189	383403	0.09382899322571717	True
JPN__SAMEA41239918	4086189	382881	0.09370124583077288	True
JPN__SAMEA41242918	4086189	382497	0.09360727073564144	True
JPN__SAMEA41240668	4086189	382088	0.09350717747025407	True
JPN__SAMEA41297668	4086189	382787	0.0936782415106105	True
JPN__SAMEA41307418	4086189	383264	0.09379497619909408	True
JPN__SAMD00328188	4086189	381816	0.0934406117778693	True
JPN__SAMD00328195	4086189	382075	0.09350399602172098	True
JPN__SAMEA41257168	4086189	383480	0.0938478371901055	True
JPN__SAMD00328201	4086189	381703	0.0934129576483124	True
JPN__SAMEA41264668	4086189	402877	0.09859480312829387	True
JPN__SAMEA41323168	4086189	382002	0.09348613096457359	True
JPN__SAMD00549621	4086189	381842	0.0934469746749355	True
JPN__SAMD00549631	4086189	382271	0.09355196247652764	True
JPN__SAMD00328237	4086189	363540	0.08896798459395784	True
JPN__SAMD00549575	4086189	363357	0.08892319958768427	True
JPN__SAMD00549636	4086189	381932	0.09346900008785693	True
JPN__SAMD00872997	4086189	382970	0.09372302651688406	True
JPN__SAMD00570813	4086189	383896	0.09394964354316455	True
JPN__SAMD00885979	4086189	381608	0.09338970860133979	True
JPN__SAMD00885980	4086189	381648	0.0933994976737493	True
JPN__SAMD00892034	4086189	381698	0.09341173401426121	True
JPN__SAMD00920271	4086189	671383	0.16430542003808438	True
JPN__SAMD00920272	4086189	688349	0.16845745510058394	True
JPN__SAMD00920273	4086189	703666	0.17220593565300088	True
JPN__SAMD00920274	4086189	381878	0.09345578484010407	True
JPN__SAMD00920275	4086189	649782	0.15901907621013125	True
JPN__SAMD00920276	4086189	651080	0.1593367316098203	True
JPN__SAMD00920279	4086189	381563	0.09337869589487907	True
JPN__SAMD00920280	4086189	753443	0.18438770208622263	True
JPN__SAMD01593369	4086189	381553	0.09337624862677668	True
JPN__SAMD01593370	4086189	381551	0.09337575917315621	True
JPN__SAMD01593371	4086189	381551	0.09337575917315621	True
JPN__SAMD01593372	4086189	382135	0.09351867963033526	True
JPN__SAMD01593373	4086189	381551	0.09337575917315621	True
JPN__SAMD01593374	4086189	381552	0.09337600389996645	True
JPN__SAMD00892035	4086189	381681	0.09340757365848716	True
JPN__SAMD00892036	4086189	381572	0.09338089843617121	True
JPN__SAMD00892038	4086189	384954	0.09420856450839646	True
JPN__SAMD00892039	4086189	381541	0.09337331190505382	True
JPN__SAMD00892040	4086189	381552	0.09337600389996645	True
JPN__SAMD00892042	4086189	381646	0.09339900822012882	True
JPN__SAMD00892045	4086189	381574	0.09338138788979168	True
JPN__SAMD00892046	4086189	381860	0.09345137975751978	True
JPN__SAMD00892047	4086189	381609	0.09338995332815002	True
JPN__SAMD00892048	4086189	381642	0.09339802931288788	True
JPN__SAMD00892049	4086189	381551	0.09337575917315621	True
JPN__SAMD00892050	4086189	381642	0.09339802931288788	True
JPN__SAMD00892052	4086189	381551	0.09337575917315621	True
JPN__SAMD00892053	4086189	381643	0.09339827403969811	True
JPN__SAMD00920281	4086189	687694	0.168297159039878	True
JPN__SAMD00920282	4086189	631688	0.15459098930568313	True
JPN__SAMD01593375	4086189	381551	0.09337575917315621	True
JPN__SAMD01593376	4086189	381552	0.09337600389996645	True
JPN__SAMD01697899	4086189	381571	0.09338065370936097	True
JPN__SAMD01697901	4086189	383121	0.09375998026523003	True
JPN__SAMD01697902	4086189	776739	0.19008885785752935	True
JPN__SAMD01697903	4086189	381555	0.09337673808039716	True
JPN__SAMD01697906	4086189	807813	0.197693498758868	True
JPN__SAMD01697907	4086189	381551	0.09337575917315621	True
JPN__SAMD01697909	4086189	381822	0.09344208013873073	True
JPN__SAMD01697911	4086189	381716	0.0934161390968455	True
JPN__SAMD01697912	4086189	703836	0.17224753921074135	True
JPN__SAMD01697913	4086189	381784	0.09343278051994168	True
JPN__SAMD01697914	4086189	711785	0.17419287262532399	True
JPN__SAMD01697915	4086189	381781	0.09343204633951097	True
JPN__SAMD01697916	4086189	381951	0.09347364989725145	True
JPN__SAMD01697917	4086189	381651	0.09340023185418002	True
JPN__SAMD01697918	4086189	381745	0.0934232361743424	True
JPN__SAMD01697919	4086189	385399	0.0943174679389524	True
JPN__SAMD01697920	4086189	381790	0.09343424888080311	True
JPN__SAMD01697925	4086189	381708	0.09341418128236359	True
JPN__SAMD01697929	4086189	810160	0.19826787258249678	True
JPN__SAMD01697933	4086189	381648	0.0933994976737493	True
JPN__SAMD01697934	4086189	796379	0.19489529241060558	True
JPN__SAMD01797761	4086189	669733	0.16390162080119153	True
JPN__SAMD01797762	4086189	637775	0.15608064139960243	True
JPN__SAMD01797763	4086189	381555	0.09337673808039716	True
JPN__SAMD01797764	4086189	638726	0.15631337659613884	True
ARG__SAMEA751134	4086189	385022	0.09422520593149264	True
AUT__SAMN15396157	4086189	489646	0.11982950372584332	True
AUT__SAMN29408379	4086189	573511	0.14035351766646134	True
AUT__SAMN15702625	4086189	366252	0.08963168370332356	True
AUT__SAMN15396194	4086189	464519	0.11368025316499066	True
AUT__SAMN15396214	4086189	387475	0.0948255207970067	True
AUT__SAMN15396105	4086189	531373	0.1300412193366484	True
AUT__SAMN15396117	4086189	488482	0.11954464171872618	True
AUT__SAMN15396122	4086189	546261	0.1336847120874732	True
AUT__SAMN15396159	4086189	463636	0.11346415939155041	True
AUT__SAMN15396107	4086189	468238	0.11459039217226615	True
AUT__SAMN15396108	4086189	477615	0.11688519547186878	True
AUT__SAMN15396109	4086189	504466	0.12345635505357193	True
AUT__SAMN15396110	4086189	386210	0.0945159413820555	True
AUT__SAMN15396112	4086189	507698	0.12424731210426146	True
BRA__SAMN05776224	4086189	388822	0.09515516781039741	True
BRA__SAMN05782317	4086189	392148	0.09596912918124932	True
BRA__SAMN05784484	4086189	390616	0.09559420770796456	True
BRA__SAMN02940632	4086189	389874	0.09541262041476789	True
BRA__SAMN05783037	4086189	382919	0.09371054544956192	True
CAN__SAMN06113467	4086189	384546	0.09410871596981932	True
CAN__SAMN06113472	4086189	383284	0.09379987073529883	True
DEU__SAMN22091640	4086189	503316	0.12317491922179812	True
DEU__SAMN43964887	4086189	754702	0.18469581314031241	True
DNK__SAMEA3923585	4086189	388605	0.09510206209257575	True
DNK__SAMEA751162	4086189	364847	0.08928784253493903	True
DNK__SAMEA3923584	4086189	388601	0.09510108318533479	True
DNK__SAMEA751164	4086189	385774	0.09440924049279169	True
DNK__SAMEA8914402	4086189	382480	0.0936031103798674	True
DNK__SAMEA8914404	4086189	637233	0.15594799946845336	True
DNK__SAMEA8914415	4086189	382698	0.09365646082449931	True
DNK__SAMEA8914405	4086189	546555	0.1337566617696832	True
DNK__SAMEA8914410	4086189	639545	0.15651380785372385	True
ESP__SAMN16378546	4086189	426657	0.10441440667575581	True
ESP__SAMN16378544	4086189	435076	0.10647476169115036	True
ESP__SAMN16378549	4086189	454659	0.11126724681604301	True
ESP__SAMN16378550	4086189	425204	0.10405881862047986	True
ESP__SAMN16378551	4086189	437920	0.1071707647394675	True
ESP__SAMN16378322	4086189	415897	0.10178114619759389	True
ESP__SAMN16378558	4086189	406795	0.09955364277080674	True
ESP__SAMN16378352	4086189	462379	0.11315653779108113	True
ESP__SAMN16378570	4086189	462242	0.11312301021807851	True
ESP__SAMN16378565	4086189	420683	0.10295240871139343	True
ESP__SAMN16378366	4086189	382112	0.09351305091369978	True
ESP__SAMN16378393	4086189	460436	0.1126810335987885	True
ESP__SAMN16378592	4086189	440500	0.1078021599098818	True
ESP__SAMEA8914418	4086189	364104	0.08910601051493212	True
ESP__SAMN16378404	4086189	400314	0.09796756831365362	True
ESP__SAMEA8914438	4086189	628592	0.15383331510118597	True
ESP__SAMN16378420	4086189	408485	0.09996723108010912	True
ESP__SAMN16378598	4086189	387956	0.09494323439273122	True
ESP__SAMN16378425	4086189	423083	0.10353975305596486	True
ESP__SAMN40551704	4086189	388453	0.09506486361741956	True
ESP__SAMN40551705	4086189	388633	0.09510891444326242	True
FIN__SAMEA751152	4086189	387937	0.0949385845833367	True
FIN__SAMEA8914452	4086189	630659	0.15433916541794812	True
FIN__SAMEA8914453	4086189	382987	0.09372718687265812	True
FIN__SAMEA8914454	4086189	602998	0.14756977711995212	True
FIN__SAMEA8914458	4086189	597756	0.146286919180684	True
FIN__SAMEA8914464	4086189	613951	0.15025026987249	True
FIN__SAMEA8914470	4086189	605293	0.14813142514944855	True
FIN__SAMEA8914471	4086189	382906	0.09370736400102883	True
FIN__SAMEA8914472	4086189	383267	0.09379571037952479	True
FIN__SAMEA8914474	4086189	608566	0.14893241599935783	True
FIN__SAMEA8914475	4086189	383161	0.09376976933763954	True
GTM__SAMN08395632	4086189	381541	0.09337331190505382	True
GTM__SAMN08395634	4086189	381541	0.09337331190505382	True
HTI__SAMN08524449	4086189	396415	0.09701337848053529	True
IND__SAMN10525643	4086189	365839	0.08953061153069523	True
IND__SAMN10457989	4086189	396017	0.09691597721006052	True
IND__SAMN19416301	4086189	364779	0.08927120111184285	True
IND__SAMN19416302	4086189	332268	0.08131488778419206	True
IND__SAMN19416303	4086189	357771	0.08755615562569426	True
IND__SAMN19416304	4086189	381542	0.09337355663186407	True
IRL__SAMEA8914479	4086189	637857	0.15610070899804193	True
IRL__SAMEA8914484	4086189	638722	0.1563123976888979	True
IRL__SAMEA8914485	4086189	382691	0.09365474773682764	True
IRL__SAMEA8914488	4086189	664756	0.1626836154666365	True
IRL__SAMEA8914497	4086189	656773	0.1607299613405058	True
IRL__SAMEA8914500	4086189	382833	0.09368949894388146	True
IRL__SAMEA8914501	4086189	664178	0.1625421633703189	True
IRL__SAMEA8914503	4086189	645109	0.15787546782588863	True
IRL__SAMEA8914514	4086189	383834	0.09393447048092979	True
IRN__SAMN12675034	4086189	690133	0.1688940477300487	True
IRN__SAMN12675035	4086189	703323	0.17212199435708922	True
IRN__SAMN12675064	4086189	676459	0.16554765332685298	True
IRN__SAMN12675069	4086189	733221	0.17943883652958784	True
IRN__SAMN12675070	4086189	739371	0.18094390641255215	True
IRN__SAMN12675071	4086189	382290	0.09355661228592216	True
IRN__SAMN12675072	4086189	547704	0.13403785287464676	True
IRN__SAMN12675074	4086189	382040	0.09349543058336264	True
IRN__SAMN12675075	4086189	382976	0.09372449487774549	True
ISR__SAMN05908234	4086189	383695	0.09390045345430668	True
ISR__SAMN05908228	4086189	446199	0.10919685800142871	True
ISR__SAMN05908230	4086189	445500	0.10902579396107229	True
ISR__SAMN05908227	4086189	464167	0.11359410932778684	True
ISR__SAMN05908236	4086189	456813	0.11179438836529589	True
ISR__SAMN05908237	4086189	449272	0.10994890348929039	True
ISR__SAMN05908238	4086189	382771	0.09367432588164669	True
ITA__SAMEA751497	4086189	369021	0.09030933224087286	True
ITA__SAMEA8914521	4086189	508793	0.12451528796147217	True
ITA__SAMEA8914539	4086189	500215	0.12241602138324977	True
ITA__SAMEA8914541	4086189	510057	0.12482462264961312	True
ITA__SAMN03784877	4086189	384304	0.0940494920817417	True
ITA__SAMEA8914518	4086189	386325	0.09454408496523288	True
ITA__SAMEA8914529	4086189	515349	0.12611971692939314	True
ITA__SAMEA8914531	4086189	518674	0.1269334335734348	True
KEN__SAMEA1931748	4086189	341355	0.08353872030882566	True
MEX__SAMN07362432	4086189	383541	0.09386276552553002	True
MEX__SAMN07362433	4086189	383447	0.09383976120536765	True
MEX__SAMN07362434	4086189	384322	0.09405389716432598	True
MEX__SAMN07362435	4086189	383342	0.09381406489029265	True
NLD__SAMEA751360	4086189	337026	0.08247929794730494	True
NLD__SAMN03566780	4086189	381543	0.0933738013586743	True
NLD__SAMN03566781	4086189	381543	0.0933738013586743	True
NLD__SAMN03566785	4086189	381806	0.09343816450976693	True
NLD__SAMN03566787	4086189	381542	0.09337355663186407	True
NLD__SAMEA8914547	4086189	414876	0.1015312801243408	True
NLD__SAMEA8914556	4086189	398390	0.09749671393075553	True
NLD__SAMEA8914562	4086189	381563	0.09337869589487907	True
NLD__SAMEA8914566	4086189	397652	0.09731610554479982	True
NLD__SAMEA8914568	4086189	393151	0.09621459017191814	True
NOR__SAMEA10057869	4086189	659991	0.161517492215852	True
NOR__SAMEA10057881	4086189	382316	0.09356297518298835	True
NOR__SAMEA10057882	4086189	390230	0.09549974315921265	True
NOR__SAMEA10057895	4086189	383597	0.09387647022690336	True
NOR__SAMEA10057896	4086189	384491	0.09409525599525621	True
NOR__SAMEA10057903	4086189	489057	0.11968535963461309	True
NOR__SAMEA10057914	4086189	621358	0.15206296135592356	True
NOR__SAMEA10057937	4086189	467349	0.11437283003796447	True
NOR__SAMEA10057952	4086189	445944	0.109134452664818	True
NOR__SAMEA10057955	4086189	426265	0.10431847376614249	True
NOR__SAMEA10057975	4086189	755855	0.18497798315251693	True
NOR__SAMN03566786	4086189	381544	0.09337404608548454	True
NOR__SAMEA10057987	4086189	425853	0.10421764632032439	True
NOR__SAMEA10057988	4086189	383592	0.09387524659285217	True
NOR__SAMEA10057989	4086189	449130	0.10991415228223658	True
NOR__SAMEA10057995	4086189	472007	0.11551276752005353	True
NOR__SAMEA8914580	4086189	382318	0.09356346463660883	True
NOR__SAMEA8914583	4086189	613423	0.15012105411668428	True
NOR__SAMEA8914585	4086189	610964	0.14951927089030878	True
NOR__SAMEA10058004	4086189	413707	0.10124519448317246	True
NOR__SAMEA10058007	4086189	444504	0.10878204605807514	True
NOR__SAMEA8914588	4086189	382961	0.09372082397559192	True
NOR__SAMEA8914592	4086189	635789	0.15559461395446955	True
NOR__SAMEA10058016	4086189	382864	0.09369708547499883	True
NOR__SAMEA8914600	4086189	660295	0.16159188916616438	True
NOR__SAMEA10058021	4086189	446835	0.10935250425274015	True
NOR__SAMEA10058023	4086189	408837	0.10005337491731293	True
NOR__SAMEA10058036	4086189	382866	0.09369757492861931	True
POL__SAMEA1931348	4086189	369858	0.09051416858104214	True
SWE__SAMEA751314	4086189	366077	0.0895888565115319	True
SWE__SAMEA751294	4086189	387507	0.09483335205493432	True
SWE__SAMN03566783	4086189	381543	0.0933738013586743	True
SWE__SAMN03566784	4086189	381543	0.0933738013586743	True
SWE__SAMEA8914617	4086189	382812	0.09368435968086646	True
SWE__SAMEA8914628	4086189	383116	0.09375875663117883	True
SWE__SAMEA8914632	4086189	620070	0.1517477532243369	True
SWE__SAMEA8914634	4086189	623728	0.15264296389618787	True
SWE__SAMEA8914609	4086189	627434	0.15354992145493027	True
SWE__SAMEA8914621	4086189	632796	0.15486214661142694	True
SWE__SAMEA8914623	4086189	629875	0.15414729959872145	True
SWE__SAMEA8914625	4086189	382714	0.09366037645346312	True
SWE__SAMEA8914626	4086189	629778	0.15412356109812836	True
TUN__SAMEA4752844	4086189	382948	0.09371764252705883	True
TUN__SAMEA4752845	4086189	658210	0.16108163376681794	True
TUN__SAMEA4752846	4086189	660572	0.16165967849260032	True
TUN__SAMEA4752850	4086189	671354	0.1642983229605875	True
USA__SAMN16357507	4086189	332268	0.08131488778419206	True
USA__SAMN16357509	4086189	382330	0.09356640135833169	True
USA__SAMN16357510	4086189	332268	0.08131488778419206	True
USA__SAMN03877216	4086189	362333	0.08867259933400046	True
USA__SAMN05333716	4086189	363345	0.08892026286596141	True
USA__SAMN03996251	4086189	548735	0.13429016621600223	True
USA__SAMN04994865	4086189	383188	0.09377637696151597	True
USA__SAMN18620695	4086189	513183	0.1255896386584174	True
USA__SAMN18620696	4086189	581903	0.14240726505797946	True
USA__SAMN03996260	4086189	382941	0.09371592943938717	True
USA__SAMEA751257	4086189	367441	0.08992266388069665	True
USA__SAMN04221183	4086189	381545	0.09337429081229479	True
USA__SAMN05583850	4086189	382590	0.0936300303289936	True
USA__SAMN05583818	4086189	382491	0.09360580237478001	True
USA__SAMN08136975	4086189	382204	0.09353556578024169	True
USA__SAMN08178168	4086189	381867	0.09345309284519145	True
USA__SAMN03249362	4086189	382232	0.09354241813092835	True
USA__SAMN03455354	4086189	382204	0.09353556578024169	True
USA__SAMN06007763	4086189	381549	0.09337526971953573	True
USA__SAMN03702646	4086189	381582	0.09338334570427359	True
USA__SAMN03702647	4086189	381583	0.09338359043108382	True
USA__SAMN05948796	4086189	381545	0.09337429081229479	True
USA__SAMN11821785	4086189	412021	0.10083258508111104	True
USA__SAMN11822192	4086189	412407	0.10092704962986293	True
USA__SAMN05950790	4086189	381544	0.09337404608548454	True
USA__SAMN07352218	4086189	381549	0.09337526971953573	True
USA__SAMN10176206	4086189	381783	0.09343253579313145	True
USA__SAMN10298220	4086189	381546	0.09337453553910502	True
USA__SAMN10182728	4086189	381544	0.09337404608548454	True
USA__SAMN11539680	4086189	383661	0.0938921327427586	True
USA__SAMN11539704	4086189	381558	0.09337747226082788	True
USA__SAMN12392429	4086189	381554	0.09337649335358693	True
USA__SAMN14488305	4086189	381805	0.09343791978295668	True
USA__SAMN14488313	4086189	381544	0.09337404608548454	True
USA__SAMN18620777	4086189	381549	0.09337526971953573	True
USA__SAMN18620802	4086189	381806	0.09343816450976693	True
USA__SAMN18620814	4086189	382584	0.09362856196813217	True
USA__SAMN18620816	4086189	381541	0.09337331190505382	True
USA__SAMN18620823	4086189	381574	0.09338138788979168	True
USA__SAMN45987639	4086189	423734	0.10369907020942987	True
USA__SAMN45987611	4086189	434640	0.10636806080188654	True
USA__SAMN45987613	4086189	439223	0.10748964377320774	True
USA__SAMN45987640	4086189	420724	0.10296244251061319	True
USA__SAMN45987655	4086189	381548	0.0933750249927255	True
USA__SAMN45987657	4086189	397451	0.09726691545594196	True
USA__SAMN46491808	4086189	381551	0.09337575917315621	True
USA__SAMN48440030	4086189	412165	0.10086782574178532	True
AUS__SAMN45810521	4086189	392330	0.09601366946071266	True
AUS__SAMN45810550	4086189	388465	0.09506780033914242	True
AUS__SAMN45810522	4086189	386250	0.09452573045446502	True
AUS__SAMN45810537	4086189	419899	0.10276054289216675	True
AUS__SAMN45810524	4086189	389580	0.09534067073255789	True
AUS__SAMN45810525	4086189	420748	0.1029683159540589	True
AUS__SAMN45810526	4086189	429251	0.10504922802151344	True
AUS__SAMN45810528	4086189	473783	0.11594740233503639	True
AUS__SAMN45810529	4086189	572298	0.14005666404564254	True
AUS__SAMN45810546	4086189	387716	0.09488449995827408	True
AUS__SAMN45810501	4086189	388624	0.09510671190197027	True
AUS__SAMN45810505	4086189	387177	0.09475259220755575	True
AUS__SAMN45810506	4086189	384990	0.09421737467356503	True
AUS__SAMN45810507	4086189	394914	0.0966460435383679	True
AUS__SAMN45810523	4086189	387296	0.09478171469797408	True
AUS__SAMN45810532	4086189	395430	0.09677232257245076	True
AUS__SAMN45810545	4086189	411734	0.1007623484865727	True
JPN__SAMEA41216668	4086189	386901	0.09468504760793003	True
JPN__SAMEA41292418	4086189	384966	0.09421150123011932	True
JPN__SAMEA41283418	4086189	384589	0.09411923922265955	True
JPN__SAMEA41247418	4086189	384563	0.09411287632559336	True
JPN__SAMEA41200168	4086189	384020	0.09397998966763407	True
JPN__SAMEA41186668	4086189	384547	0.09410896069662955	True
JPN__SAMEA41205418	4086189	384462	0.0940881589177593	True
JPN__SAMEA41197168	4086189	384801	0.09417112130643003	True
JPN__SAMEA41275918	4086189	384233	0.09403211647821479	True
JPN__SAMEA41278168	4086189	384055	0.09398855510599241	True
